,RiskPerformance,ExternalRiskEstimate,MSinceOldestTradeOpen,MSinceMostRecentTradeOpen,AverageMInFile,NumSatisfactoryTrades,NumTrades60Ever2DerogPubRec,NumTrades90Ever2DerogPubRec,PercentTradesNeverDelq,MSinceMostRecentDelq,MaxDelq2PublicRecLast12M,MaxDelqEver,NumTotalTrades,NumTradesOpeninLast12M,PercentInstallTrades,MSinceMostRecentInqexcl7days,NumInqLast6M,NumInqLast6Mexcl7days,NetFractionRevolvingBurden,NetFractionInstallBurden,NumRevolvingTradesWBalance,NumInstallTradesWBalance,NumBank2NatlTradesWHighUtilization,PercentTradesWBalance,RiskPerformance_pred,Score,OriginIndex,RiskPerformance_Good,RiskPerformance_Bad
0,Good,68.0,137.0,0.0,92.0,19.0,0.0,0.0,95.0,17.0,6.0,6.0,18.0,4.0,32.0,0.0,0.0,0.0,27.0,78.0,2.0,4.0,3.0,58.0,Good,0.5865516,100,1,0
1,Good,69.0,136.0,0.0,94.0,20.0,0.0,0.0,95.0,17.0,6.0,6.0,18.0,4.0,31.0,0.0,0.0,0.0,26.0,78.0,2.0,4.0,3.0,58.0,Good,0.5185772,100,1,0
2,Good,69.0,138.0,0.0,94.0,19.0,0.0,0.0,95.0,17.0,6.0,6.0,18.0,4.0,31.0,0.0,0.0,0.0,25.0,78.0,1.0,4.0,3.0,58.0,Good,0.54498357,100,1,0
3,Good,69.0,137.0,0.0,92.0,19.0,0.0,0.0,95.0,17.0,6.0,6.0,19.0,4.0,31.0,0.0,0.0,0.0,26.0,78.0,2.0,4.0,3.0,58.0,Good,0.60990185,100,1,0
4,Bad,80.0,216.0,5.0,78.0,19.0,1.0,0.0,100.0,0.0,7.0,8.0,23.0,2.0,40.0,0.0,5.0,4.0,44.0,1.0,4.0,1.0,1.0,67.0,Bad,0.6018398,101,0,1
5,Bad,80.0,214.0,5.0,79.0,19.0,1.0,0.0,100.0,0.0,7.0,8.0,23.0,2.0,40.0,0.0,5.0,4.0,43.0,0.0,4.0,1.0,1.0,67.0,Bad,0.7338808,101,0,1
6,Bad,80.0,215.0,4.0,79.0,19.0,1.0,0.0,100.0,0.0,7.0,8.0,23.0,2.0,40.0,0.0,5.0,3.0,43.0,0.0,4.0,1.0,1.0,67.0,Bad,0.6497559,101,0,1
7,Bad,80.0,214.0,3.0,77.0,18.0,1.0,0.0,100.0,0.0,7.0,8.0,23.0,2.0,40.0,0.0,5.0,4.0,44.0,0.0,4.0,1.0,1.0,67.0,Bad,0.66508734,101,0,1
0,Bad,75.0,190.0,0.0,130.0,28.0,0.0,0.0,97.0,0.0,6.0,6.0,24.0,1.0,73.0,0.0,0.0,0.0,65.0,84.0,2.0,2.0,3.0,100.0,Bad,0.50851464,102,0,1
1,Good,74.0,189.0,0.0,130.0,28.0,0.0,0.0,97.0,0.0,6.0,6.0,25.0,1.0,73.0,0.0,0.0,0.0,65.0,85.0,2.0,2.0,3.0,100.0,Good,0.5714752,102,1,0
2,Bad,75.0,189.0,0.0,130.0,28.0,0.0,0.0,97.0,0.0,6.0,6.0,25.0,1.0,73.0,0.0,0.0,0.0,65.0,86.0,2.0,2.0,3.0,100.0,Bad,0.5511429,102,0,1
3,Bad,75.0,189.0,0.0,131.0,28.0,0.0,0.0,97.0,0.0,6.0,6.0,25.0,1.0,73.0,0.0,0.0,0.0,64.0,85.0,2.0,2.0,3.0,100.0,Bad,0.5556779,102,0,1
4,Bad,72.0,123.0,0.0,68.0,8.0,0.0,0.0,100.0,0.0,7.0,8.0,8.0,2.0,41.0,0.0,0.0,0.0,24.0,55.0,2.0,2.0,0.0,83.0,Bad,0.6271763,103,0,1
5,Bad,72.0,126.0,0.0,70.0,8.0,0.0,0.0,100.0,0.0,7.0,8.0,8.0,2.0,41.0,0.0,0.0,0.0,22.0,54.0,2.0,2.0,0.0,83.0,Bad,0.5057992,103,0,1
6,Good,72.0,126.0,0.0,70.0,8.0,0.0,0.0,100.0,0.0,7.0,8.0,8.0,2.0,41.0,0.0,0.0,0.0,23.0,53.0,2.0,2.0,0.0,82.0,Good,0.7021372,103,1,0
7,Good,72.0,127.0,0.0,74.0,9.0,0.0,0.0,100.0,0.0,7.0,8.0,8.0,2.0,41.0,0.0,0.0,0.0,22.0,53.0,2.0,2.0,0.0,83.0,Good,0.6642823,103,1,0
0,Good,75.0,155.0,16.0,101.0,14.0,1.0,1.0,93.0,35.0,6.0,2.0,14.0,0.0,29.0,0.0,0.0,0.0,29.0,0.0,0.0,1.0,1.0,40.0,Good,0.5544607,104,1,0
1,Bad,75.0,155.0,16.0,100.0,14.0,1.0,1.0,93.0,35.0,6.0,2.0,14.0,0.0,29.0,0.0,0.0,0.0,29.0,0.0,1.0,1.0,1.0,40.0,Bad,0.5159053,104,0,1
2,Good,75.0,155.0,16.0,100.0,14.0,1.0,1.0,93.0,35.0,6.0,2.0,14.0,0.0,29.0,0.0,0.0,0.0,29.0,0.0,1.0,1.0,1.0,40.0,Good,0.5306118,104,1,0
3,Good,75.0,155.0,17.0,100.0,14.0,1.0,1.0,93.0,35.0,6.0,2.0,14.0,0.0,29.0,0.0,0.0,0.0,29.0,1.0,1.0,1.0,1.0,41.0,Good,0.6028699,104,1,0
4,Bad,64.0,251.0,18.0,200.0,36.0,0.0,1.0,82.0,5.0,5.0,6.0,31.0,0.0,16.0,0.0,0.0,0.0,41.0,86.0,10.0,2.0,9.0,94.0,Bad,0.5075422,105,0,1
5,Good,65.0,257.0,15.0,201.0,36.0,0.0,1.0,82.0,4.0,5.0,6.0,31.0,0.0,15.0,0.0,0.0,0.0,39.0,87.0,9.0,2.0,9.0,95.0,Good,0.67678493,105,1,0
6,Bad,64.0,255.0,16.0,203.0,36.0,0.0,1.0,82.0,4.0,5.0,6.0,30.0,0.0,16.0,0.0,0.0,0.0,38.0,88.0,9.0,2.0,8.0,95.0,Bad,0.50665164,105,0,1
7,Good,65.0,255.0,13.0,203.0,36.0,0.0,1.0,83.0,4.0,5.0,6.0,30.0,0.0,16.0,0.0,0.0,0.0,38.0,88.0,9.0,2.0,9.0,95.0,Good,0.6453385,105,1,0
0,Good,68.0,255.0,1.0,121.0,26.0,0.0,0.0,84.0,1.0,4.0,6.0,24.0,1.0,49.0,0.0,0.0,0.0,29.0,67.0,2.0,4.0,1.0,80.0,Good,0.66547126,106,1,0
1,Good,68.0,253.0,0.0,119.0,26.0,0.0,0.0,84.0,1.0,4.0,6.0,24.0,1.0,50.0,0.0,0.0,0.0,29.0,71.0,2.0,4.0,1.0,80.0,Good,0.6846569,106,1,0
2,Good,68.0,253.0,0.0,119.0,26.0,0.0,0.0,84.0,1.0,4.0,6.0,24.0,1.0,50.0,0.0,0.0,0.0,29.0,70.0,2.0,4.0,1.0,80.0,Good,0.6462969,106,1,0
3,Good,69.0,254.0,0.0,121.0,27.0,0.0,0.0,84.0,1.0,4.0,6.0,24.0,1.0,49.0,0.0,0.0,0.0,27.0,70.0,2.0,4.0,1.0,80.0,Good,0.5438321,106,1,0
4,Bad,10.0,54.0,0.0,131.0,16.0,0.0,0.0,8.0,0.0,1.0,0.0,5.0,0.0,0.0,1.0,0.0,0.0,0.0,0.0,0.0,1.0,0.0,0.0,Bad,0.73744744,107,0,1
5,Bad,10.0,53.0,0.0,131.0,16.0,0.0,0.0,8.0,0.0,1.0,0.0,5.0,0.0,0.0,1.0,0.0,0.0,0.0,0.0,0.0,1.0,0.0,0.0,Bad,0.5894311,107,0,1
6,Bad,10.0,54.0,0.0,134.0,17.0,0.0,0.0,9.0,0.0,1.0,0.0,5.0,0.0,0.0,1.0,0.0,0.0,0.0,0.0,0.0,1.0,0.0,0.0,Bad,0.65756875,107,0,1
7,Bad,10.0,51.0,0.0,126.0,16.0,0.0,0.0,8.0,0.0,1.0,0.0,6.0,0.0,0.0,1.0,0.0,0.0,0.0,0.0,0.0,1.0,0.0,0.0,Bad,0.5545305,107,0,1
0,Bad,89.0,144.0,26.0,128.0,10.0,2.0,1.0,99.0,0.0,7.0,8.0,15.0,0.0,49.0,0.0,7.0,4.0,25.0,84.0,3.0,2.0,0.0,80.0,Bad,0.60760146,108,0,1
1,Bad,89.0,146.0,28.0,129.0,10.0,2.0,1.0,99.0,0.0,7.0,8.0,14.0,0.0,49.0,0.0,7.0,5.0,25.0,85.0,3.0,2.0,0.0,80.0,Bad,0.71024144,108,0,1
2,Bad,90.0,145.0,28.0,129.0,10.0,2.0,1.0,99.0,0.0,7.0,8.0,14.0,0.0,48.0,0.0,7.0,4.0,24.0,84.0,3.0,2.0,0.0,80.0,Bad,0.694658,108,0,1
3,Bad,89.0,145.0,28.0,127.0,10.0,2.0,1.0,99.0,0.0,7.0,8.0,14.0,0.0,49.0,0.0,8.0,5.0,26.0,85.0,3.0,2.0,0.0,80.0,Bad,0.74034935,108,0,1
4,Bad,89.0,143.0,12.0,89.0,7.0,1.0,0.0,99.0,0.0,7.0,8.0,10.0,1.0,66.0,0.0,6.0,4.0,13.0,45.0,2.0,3.0,0.0,67.0,Bad,0.6301422,109,0,1
5,Bad,89.0,142.0,10.0,88.0,7.0,1.0,0.0,99.0,0.0,7.0,8.0,11.0,1.0,66.0,0.0,6.0,4.0,13.0,47.0,2.0,3.0,0.0,67.0,Bad,0.61551076,109,0,1
6,Bad,89.0,141.0,10.0,88.0,7.0,1.0,0.0,99.0,0.0,7.0,8.0,10.0,1.0,66.0,0.0,6.0,4.0,13.0,46.0,2.0,3.0,0.0,67.0,Bad,0.66910046,109,0,1
7,Bad,89.0,141.0,12.0,88.0,7.0,1.0,0.0,99.0,0.0,7.0,8.0,10.0,1.0,66.0,0.0,7.0,4.0,14.0,45.0,2.0,3.0,0.0,67.0,Bad,0.65338737,109,0,1
0,Bad,71.0,173.0,13.0,73.0,17.0,2.0,1.0,99.0,0.0,7.0,8.0,19.0,1.0,33.0,0.0,4.0,2.0,17.0,57.0,2.0,2.0,0.0,50.0,Bad,0.636558,110,0,1
1,Bad,71.0,172.0,11.0,70.0,17.0,2.0,1.0,99.0,0.0,7.0,8.0,19.0,1.0,33.0,0.0,5.0,3.0,18.0,58.0,2.0,2.0,0.0,50.0,Bad,0.58465034,110,0,1
2,Bad,71.0,173.0,13.0,71.0,17.0,2.0,1.0,100.0,0.0,7.0,8.0,19.0,1.0,33.0,0.0,4.0,2.0,18.0,58.0,2.0,2.0,0.0,50.0,Bad,0.62954193,110,0,1
3,Bad,71.0,171.0,11.0,71.0,17.0,2.0,1.0,99.0,0.0,7.0,8.0,19.0,1.0,33.0,0.0,5.0,3.0,18.0,59.0,2.0,2.0,0.0,50.0,Bad,0.6220861,110,0,1
4,Bad,70.0,270.0,0.0,118.0,19.0,0.0,1.0,90.0,11.0,4.0,6.0,16.0,3.0,66.0,0.0,0.0,0.0,36.0,51.0,1.0,4.0,1.0,87.0,Bad,0.58579755,111,0,1
5,Good,71.0,269.0,0.0,119.0,19.0,0.0,1.0,90.0,11.0,4.0,6.0,17.0,3.0,66.0,0.0,0.0,0.0,35.0,53.0,1.0,4.0,1.0,87.0,Good,0.5087979,111,1,0
6,Good,71.0,267.0,0.0,121.0,19.0,0.0,1.0,90.0,11.0,4.0,6.0,17.0,3.0,66.0,0.0,0.0,0.0,32.0,53.0,1.0,5.0,1.0,87.0,Good,0.53848225,111,1,0
7,Good,70.0,266.0,0.0,118.0,18.0,0.0,1.0,90.0,10.0,4.0,6.0,17.0,3.0,66.0,0.0,0.0,0.0,36.0,52.0,1.0,5.0,1.0,87.0,Good,0.52677894,111,1,0
0,Bad,11.0,66.0,0.0,159.0,20.0,0.0,0.0,9.0,0.0,1.0,0.0,5.0,0.0,0.0,1.0,0.0,0.0,0.0,1.0,0.0,1.0,0.0,0.0,Bad,0.61459666,112,0,1
1,Bad,11.0,69.0,0.0,161.0,20.0,0.0,0.0,10.0,0.0,1.0,0.0,5.0,0.0,0.0,1.0,0.0,0.0,0.0,0.0,0.0,1.0,0.0,0.0,Bad,0.53855264,112,0,1
2,Bad,11.0,66.0,0.0,160.0,20.0,0.0,0.0,10.0,0.0,1.0,0.0,5.0,0.0,0.0,1.0,0.0,0.0,0.0,0.0,0.0,1.0,0.0,0.0,Bad,0.6099055,112,0,1
3,Bad,11.0,64.0,0.0,158.0,20.0,0.0,0.0,10.0,0.0,1.0,0.0,5.0,0.0,0.0,1.0,0.0,0.0,0.0,0.0,0.0,1.0,0.0,0.0,Bad,0.64956015,112,0,1
4,Good,85.0,110.0,15.0,39.0,24.0,1.0,0.0,99.0,0.0,7.0,8.0,26.0,0.0,55.0,0.0,6.0,4.0,14.0,0.0,3.0,1.0,0.0,75.0,Good,0.5232949,113,1,0
5,Bad,85.0,111.0,17.0,37.0,24.0,1.0,0.0,99.0,0.0,7.0,8.0,26.0,0.0,55.0,0.0,6.0,3.0,14.0,0.0,3.0,1.0,0.0,75.0,Bad,0.69623053,113,0,1
6,Bad,85.0,111.0,16.0,36.0,24.0,1.0,0.0,99.0,0.0,7.0,8.0,26.0,0.0,55.0,0.0,6.0,4.0,14.0,1.0,3.0,1.0,0.0,75.0,Bad,0.57977194,113,0,1
7,Bad,85.0,110.0,17.0,36.0,24.0,1.0,0.0,99.0,0.0,7.0,8.0,26.0,0.0,55.0,0.0,6.0,3.0,15.0,1.0,3.0,1.0,0.0,75.0,Bad,0.54302245,113,0,1
0,Good,68.0,270.0,0.0,138.0,11.0,1.0,3.0,90.0,59.0,6.0,3.0,9.0,0.0,85.0,0.0,0.0,0.0,0.0,132.0,0.0,4.0,0.0,100.0,Good,0.5478347,114,1,0
1,Good,68.0,271.0,0.0,140.0,11.0,1.0,3.0,90.0,59.0,6.0,3.0,9.0,0.0,84.0,0.0,0.0,0.0,0.0,129.0,0.0,4.0,0.0,100.0,Good,0.6518655,114,1,0
2,Good,68.0,271.0,0.0,142.0,11.0,1.0,3.0,91.0,59.0,6.0,3.0,9.0,0.0,84.0,0.0,0.0,0.0,0.0,127.0,0.0,4.0,0.0,100.0,Good,0.6896673,114,1,0
3,Good,68.0,269.0,0.0,138.0,11.0,1.0,3.0,90.0,59.0,6.0,3.0,9.0,0.0,85.0,0.0,0.0,0.0,0.0,131.0,0.0,4.0,0.0,100.0,Good,0.6822066,114,1,0
4,Bad,10.0,52.0,0.0,129.0,16.0,0.0,0.0,9.0,0.0,1.0,0.0,5.0,0.0,0.0,1.0,0.0,0.0,0.0,0.0,0.0,1.0,0.0,0.0,Bad,0.76540756,115,0,1
5,Bad,10.0,52.0,0.0,129.0,16.0,0.0,0.0,9.0,0.0,1.0,0.0,5.0,0.0,0.0,1.0,0.0,0.0,0.0,0.0,0.0,1.0,0.0,0.0,Bad,0.62958735,115,0,1
6,Bad,10.0,52.0,0.0,132.0,17.0,0.0,0.0,9.0,0.0,1.0,0.0,5.0,0.0,0.0,1.0,0.0,0.0,0.0,0.0,0.0,1.0,0.0,0.0,Bad,0.6661489,115,0,1
7,Bad,10.0,51.0,0.0,130.0,17.0,0.0,0.0,9.0,0.0,1.0,0.0,5.0,0.0,0.0,1.0,0.0,0.0,0.0,0.0,0.0,1.0,0.0,0.0,Bad,0.7123286,115,0,1
0,Good,69.0,146.0,0.0,99.0,12.0,0.0,1.0,88.0,31.0,6.0,4.0,9.0,3.0,38.0,0.0,0.0,0.0,43.0,0.0,1.0,2.0,0.0,99.0,Good,0.6349712,116,1,0
1,Good,69.0,146.0,0.0,99.0,12.0,0.0,1.0,89.0,31.0,6.0,4.0,9.0,3.0,38.0,0.0,0.0,0.0,44.0,0.0,1.0,2.0,0.0,98.0,Good,0.63384646,116,1,0
2,Bad,69.0,147.0,0.0,98.0,11.0,0.0,1.0,88.0,31.0,6.0,4.0,9.0,3.0,38.0,0.0,0.0,0.0,46.0,0.0,1.0,2.0,0.0,98.0,Bad,0.59620565,116,0,1
3,Good,69.0,148.0,0.0,98.0,12.0,0.0,1.0,88.0,31.0,6.0,4.0,8.0,3.0,39.0,0.0,0.0,0.0,46.0,0.0,1.0,2.0,0.0,98.0,Good,0.69832164,116,1,0
4,Bad,76.0,170.0,5.0,49.0,25.0,1.0,0.0,95.0,0.0,6.0,6.0,28.0,3.0,47.0,0.0,5.0,3.0,14.0,78.0,5.0,5.0,0.0,64.0,Bad,0.6913341,117,0,1
5,Bad,76.0,169.0,4.0,49.0,25.0,1.0,0.0,95.0,0.0,6.0,6.0,28.0,3.0,47.0,0.0,4.0,2.0,13.0,76.0,5.0,5.0,0.0,64.0,Bad,0.5708812,117,0,1
6,Bad,76.0,170.0,4.0,50.0,25.0,1.0,0.0,95.0,0.0,6.0,6.0,28.0,3.0,47.0,0.0,4.0,2.0,13.0,76.0,5.0,5.0,0.0,64.0,Bad,0.6423723,117,0,1
7,Bad,76.0,168.0,4.0,47.0,24.0,1.0,0.0,95.0,0.0,6.0,6.0,28.0,3.0,47.0,0.0,5.0,3.0,14.0,78.0,5.0,5.0,0.0,64.0,Bad,0.602339,117,0,1
0,Bad,0.0,0.0,0.0,0.0,0.0,0.0,0.0,0.0,0.0,0.0,0.0,0.0,0.0,0.0,0.0,0.0,0.0,0.0,0.0,0.0,0.0,0.0,0.0,Bad,0.9410953,118,0,1
1,Bad,0.0,0.0,0.0,0.0,0.0,0.0,0.0,0.0,0.0,0.0,0.0,0.0,0.0,0.0,0.0,0.0,0.0,0.0,0.0,0.0,0.0,0.0,0.0,Bad,0.813699,118,0,1
2,Bad,0.0,0.0,0.0,0.0,0.0,0.0,0.0,0.0,0.0,0.0,0.0,0.0,0.0,0.0,0.0,0.0,0.0,0.0,0.0,0.0,0.0,0.0,0.0,Bad,0.9338886,118,0,1
3,Bad,0.0,0.0,0.0,0.0,0.0,0.0,0.0,0.0,0.0,0.0,0.0,0.0,0.0,0.0,0.0,0.0,0.0,0.0,0.0,0.0,0.0,0.0,0.0,Bad,0.89691526,118,0,1
4,Bad,74.0,208.0,23.0,91.0,9.0,1.0,0.0,81.0,20.0,6.0,6.0,11.0,0.0,46.0,0.0,5.0,4.0,22.0,0.0,2.0,1.0,0.0,100.0,Bad,0.69147885,119,0,1
5,Bad,74.0,209.0,23.0,95.0,9.0,1.0,0.0,81.0,20.0,6.0,6.0,11.0,0.0,46.0,0.0,5.0,4.0,20.0,0.0,1.0,1.0,0.0,100.0,Bad,0.62921536,119,0,1
6,Bad,74.0,209.0,24.0,91.0,9.0,1.0,0.0,81.0,20.0,6.0,6.0,10.0,0.0,46.0,0.0,5.0,4.0,22.0,0.0,1.0,1.0,0.0,100.0,Bad,0.60660595,119,0,1
7,Bad,74.0,209.0,22.0,94.0,9.0,1.0,0.0,82.0,20.0,6.0,6.0,11.0,0.0,46.0,0.0,5.0,3.0,20.0,0.0,1.0,1.0,0.0,100.0,Bad,0.64928174,119,0,1
0,Good,70.0,236.0,0.0,130.0,27.0,4.0,5.0,88.0,27.0,6.0,2.0,30.0,1.0,28.0,0.0,0.0,1.0,0.0,58.0,3.0,2.0,0.0,70.0,Good,0.6013226,120,1,0
1,Bad,70.0,235.0,0.0,130.0,28.0,4.0,5.0,88.0,27.0,6.0,2.0,30.0,1.0,28.0,0.0,0.0,1.0,0.0,59.0,3.0,2.0,0.0,70.0,Bad,0.5132332,120,0,1
2,Good,70.0,239.0,0.0,134.0,28.0,4.0,5.0,88.0,27.0,6.0,2.0,30.0,1.0,28.0,0.0,0.0,1.0,0.0,56.0,3.0,2.0,0.0,70.0,Good,0.6590306,120,1,0
3,Good,70.0,239.0,0.0,134.0,28.0,4.0,5.0,88.0,27.0,6.0,2.0,30.0,1.0,28.0,0.0,0.0,1.0,0.0,57.0,3.0,2.0,0.0,70.0,Good,0.5290948,120,1,0
4,Good,65.0,225.0,9.0,135.0,28.0,1.0,2.0,75.0,46.0,6.0,2.0,26.0,3.0,60.0,0.0,0.0,0.0,31.0,65.0,4.0,4.0,2.0,92.0,Good,0.61128294,121,1,0
5,Good,65.0,224.0,10.0,132.0,27.0,2.0,2.0,75.0,46.0,6.0,2.0,26.0,3.0,60.0,0.0,0.0,0.0,33.0,67.0,4.0,4.0,1.0,92.0,Good,0.52551824,121,1,0
6,Good,65.0,225.0,8.0,135.0,28.0,1.0,2.0,75.0,46.0,6.0,2.0,27.0,3.0,60.0,0.0,0.0,0.0,31.0,65.0,4.0,4.0,2.0,92.0,Good,0.57999974,121,1,0
7,Bad,65.0,223.0,5.0,133.0,27.0,1.0,2.0,76.0,46.0,6.0,2.0,27.0,3.0,60.0,0.0,0.0,0.0,32.0,65.0,4.0,4.0,2.0,92.0,Bad,0.53538734,121,0,1
0,Bad,67.0,219.0,0.0,121.0,21.0,0.0,0.0,60.0,3.0,4.0,6.0,18.0,1.0,44.0,0.0,0.0,0.0,30.0,73.0,5.0,3.0,0.0,91.0,Bad,0.58688277,122,0,1
1,Bad,67.0,220.0,0.0,121.0,21.0,0.0,0.0,60.0,3.0,4.0,6.0,18.0,1.0,44.0,0.0,0.0,0.0,30.0,70.0,5.0,3.0,0.0,91.0,Bad,0.53792214,122,0,1
2,Bad,67.0,220.0,0.0,123.0,21.0,0.0,0.0,61.0,3.0,4.0,6.0,18.0,1.0,44.0,0.0,0.0,0.0,30.0,71.0,5.0,4.0,0.0,91.0,Bad,0.5429854,122,0,1
3,Bad,67.0,220.0,0.0,121.0,21.0,0.0,0.0,60.0,4.0,4.0,6.0,18.0,1.0,44.0,0.0,0.0,0.0,30.0,72.0,5.0,3.0,0.0,91.0,Bad,0.5789706,122,0,1
4,Bad,72.0,171.0,11.0,140.0,14.0,0.0,1.0,93.0,22.0,6.0,3.0,13.0,1.0,29.0,0.0,0.0,0.0,71.0,0.0,1.0,2.0,2.0,100.0,Bad,0.59046996,123,0,1
5,Good,72.0,171.0,7.0,142.0,15.0,0.0,1.0,93.0,22.0,6.0,3.0,13.0,1.0,29.0,0.0,0.0,0.0,70.0,0.0,1.0,3.0,2.0,100.0,Good,0.61506367,123,1,0
6,Good,72.0,173.0,12.0,145.0,15.0,0.0,1.0,93.0,22.0,6.0,3.0,14.0,1.0,29.0,0.0,0.0,0.0,68.0,0.0,1.0,3.0,2.0,100.0,Good,0.54109454,123,1,0
7,Bad,72.0,173.0,12.0,143.0,15.0,0.0,1.0,93.0,22.0,6.0,3.0,13.0,1.0,29.0,0.0,0.0,0.0,69.0,0.0,1.0,3.0,2.0,100.0,Bad,0.5935608,123,0,1
0,Bad,13.0,72.0,0.0,170.0,22.0,0.0,0.0,10.0,0.0,1.0,0.0,5.0,0.0,0.0,1.0,0.0,0.0,0.0,0.0,0.0,1.0,0.0,0.0,Bad,0.60071045,124,0,1
1,Bad,12.0,73.0,0.0,170.0,22.0,0.0,0.0,11.0,0.0,1.0,0.0,5.0,0.0,0.0,2.0,0.0,0.0,0.0,0.0,0.0,1.0,0.0,0.0,Bad,0.62145627,124,0,1
2,Bad,12.0,72.0,0.0,169.0,22.0,0.0,0.0,11.0,0.0,1.0,0.0,5.0,0.0,0.0,1.0,0.0,0.0,0.0,0.0,0.0,1.0,0.0,0.0,Bad,0.56525415,124,0,1
3,Bad,12.0,69.0,0.0,172.0,22.0,0.0,0.0,11.0,0.0,1.0,0.0,5.0,0.0,0.0,1.0,0.0,0.0,0.0,0.0,0.0,1.0,0.0,0.0,Bad,0.5925263,124,0,1
4,Bad,59.0,154.0,0.0,181.0,31.0,6.0,10.0,67.0,19.0,1.0,2.0,21.0,0.0,21.0,0.0,0.0,0.0,0.0,7.0,6.0,4.0,0.0,76.0,Bad,0.50747675,125,0,1
5,Good,58.0,155.0,0.0,178.0,30.0,6.0,9.0,66.0,19.0,1.0,2.0,21.0,0.0,21.0,0.0,0.0,0.0,0.0,7.0,6.0,4.0,0.0,76.0,Good,0.5637954,125,1,0
6,Good,58.0,157.0,0.0,179.0,30.0,6.0,9.0,66.0,19.0,1.0,2.0,21.0,0.0,21.0,0.0,0.0,0.0,0.0,4.0,6.0,4.0,0.0,75.0,Good,0.5735853,125,1,0
7,Bad,58.0,156.0,0.0,177.0,30.0,6.0,9.0,67.0,19.0,1.0,2.0,21.0,0.0,21.0,0.0,0.0,0.0,0.0,7.0,6.0,4.0,0.0,75.0,Bad,0.5840664,125,0,1
0,Good,76.0,166.0,3.0,88.0,28.0,0.0,0.0,100.0,0.0,6.0,7.0,27.0,2.0,47.0,0.0,0.0,0.0,49.0,64.0,2.0,4.0,2.0,78.0,Good,0.5527273,126,1,0
1,Bad,76.0,167.0,2.0,89.0,28.0,0.0,0.0,100.0,0.0,6.0,7.0,27.0,2.0,47.0,0.0,0.0,0.0,48.0,64.0,2.0,4.0,2.0,78.0,Bad,0.5255253,126,0,1
2,Good,76.0,166.0,1.0,88.0,28.0,0.0,0.0,100.0,0.0,6.0,7.0,27.0,2.0,47.0,0.0,0.0,0.0,48.0,65.0,2.0,4.0,2.0,78.0,Good,0.5340977,126,1,0
3,Bad,76.0,166.0,4.0,87.0,28.0,0.0,0.0,100.0,0.0,6.0,7.0,27.0,2.0,47.0,0.0,0.0,0.0,49.0,65.0,2.0,4.0,2.0,78.0,Bad,0.52967775,126,0,1
4,Bad,68.0,249.0,32.0,120.0,18.0,0.0,0.0,77.0,0.0,4.0,6.0,17.0,0.0,27.0,0.0,0.0,0.0,35.0,41.0,2.0,1.0,1.0,80.0,Bad,0.51812553,127,0,1
5,Good,68.0,249.0,31.0,124.0,19.0,0.0,0.0,77.0,0.0,4.0,6.0,18.0,0.0,27.0,0.0,0.0,0.0,32.0,40.0,2.0,1.0,1.0,80.0,Good,0.57642245,127,1,0
6,Good,68.0,249.0,35.0,121.0,18.0,0.0,0.0,77.0,0.0,4.0,6.0,18.0,0.0,27.0,0.0,0.0,0.0,34.0,41.0,2.0,1.0,0.0,80.0,Good,0.6658186,127,1,0
7,Bad,68.0,248.0,31.0,121.0,18.0,0.0,0.0,77.0,0.0,4.0,6.0,18.0,0.0,27.0,0.0,0.0,0.0,33.0,41.0,2.0,1.0,1.0,80.0,Bad,0.50948465,127,0,1
0,Bad,79.0,196.0,8.0,76.0,14.0,1.0,0.0,100.0,0.0,7.0,8.0,17.0,1.0,30.0,0.0,3.0,2.0,24.0,97.0,7.0,2.0,1.0,69.0,Bad,0.5445779,128,0,1
1,Bad,78.0,195.0,9.0,73.0,13.0,1.0,0.0,100.0,0.0,7.0,8.0,17.0,1.0,30.0,0.0,4.0,2.0,26.0,96.0,7.0,2.0,1.0,69.0,Bad,0.7204981,128,0,1
2,Bad,79.0,196.0,9.0,75.0,14.0,1.0,0.0,100.0,0.0,7.0,8.0,17.0,1.0,30.0,0.0,3.0,2.0,26.0,96.0,7.0,2.0,1.0,69.0,Bad,0.6735783,128,0,1
3,Bad,78.0,196.0,10.0,74.0,13.0,1.0,0.0,100.0,0.0,7.0,8.0,17.0,1.0,30.0,0.0,4.0,2.0,26.0,96.0,7.0,2.0,1.0,69.0,Bad,0.774987,128,0,1
4,Bad,67.0,88.0,0.0,102.0,15.0,0.0,0.0,82.0,0.0,5.0,6.0,12.0,0.0,46.0,0.0,0.0,0.0,47.0,88.0,1.0,4.0,0.0,99.0,Bad,0.5079326,129,0,1
5,Bad,67.0,92.0,0.0,102.0,15.0,0.0,0.0,82.0,0.0,6.0,6.0,12.0,0.0,46.0,0.0,0.0,0.0,47.0,87.0,1.0,4.0,0.0,99.0,Bad,0.61341643,129,0,1
6,Bad,67.0,90.0,0.0,103.0,15.0,0.0,0.0,82.0,0.0,5.0,6.0,11.0,0.0,46.0,0.0,0.0,0.0,47.0,87.0,1.0,3.0,0.0,99.0,Bad,0.55848235,129,0,1
7,Bad,67.0,91.0,0.0,103.0,15.0,0.0,0.0,82.0,0.0,5.0,6.0,12.0,0.0,46.0,0.0,0.0,0.0,48.0,86.0,2.0,3.0,0.0,99.0,Bad,0.78817654,129,0,1
0,Bad,62.0,194.0,0.0,120.0,27.0,0.0,0.0,93.0,2.0,4.0,6.0,27.0,2.0,55.0,0.0,0.0,0.0,32.0,72.0,3.0,2.0,0.0,100.0,Bad,0.58569187,130,0,1
1,Bad,61.0,194.0,0.0,119.0,27.0,0.0,0.0,93.0,2.0,4.0,6.0,27.0,2.0,55.0,0.0,0.0,0.0,33.0,70.0,3.0,2.0,1.0,100.0,Bad,0.5927249,130,0,1
2,Good,62.0,194.0,0.0,122.0,28.0,0.0,0.0,93.0,3.0,4.0,6.0,27.0,2.0,55.0,0.0,0.0,0.0,32.0,71.0,3.0,2.0,1.0,100.0,Good,0.57259417,130,1,0
3,Bad,61.0,195.0,0.0,119.0,27.0,0.0,0.0,93.0,2.0,4.0,6.0,27.0,2.0,55.0,0.0,0.0,0.0,33.0,70.0,3.0,2.0,1.0,100.0,Bad,0.6293588,130,0,1
4,Bad,64.0,147.0,9.0,123.0,18.0,0.0,0.0,70.0,7.0,4.0,5.0,18.0,1.0,47.0,0.0,0.0,0.0,50.0,0.0,1.0,2.0,0.0,99.0,Bad,0.751764,131,0,1
5,Bad,63.0,147.0,7.0,125.0,18.0,0.0,0.0,71.0,7.0,4.0,5.0,18.0,1.0,46.0,0.0,0.0,0.0,49.0,0.0,1.0,3.0,0.0,99.0,Bad,0.7306726,131,0,1
6,Bad,64.0,148.0,7.0,126.0,18.0,0.0,0.0,71.0,7.0,4.0,5.0,18.0,1.0,47.0,0.0,0.0,0.0,48.0,0.0,1.0,3.0,0.0,99.0,Bad,0.7173036,131,0,1
7,Bad,64.0,147.0,9.0,125.0,18.0,0.0,0.0,71.0,7.0,4.0,5.0,18.0,1.0,47.0,0.0,0.0,0.0,50.0,0.0,1.0,3.0,0.0,99.0,Bad,0.7156776,131,0,1
0,Good,72.0,107.0,14.0,109.0,9.0,0.0,0.0,87.0,14.0,6.0,5.0,8.0,0.0,13.0,0.0,0.0,0.0,36.0,0.0,1.0,0.0,0.0,66.0,Good,0.6091255,132,1,0
1,Good,72.0,108.0,14.0,109.0,9.0,0.0,0.0,87.0,14.0,6.0,5.0,8.0,0.0,13.0,0.0,0.0,0.0,35.0,0.0,1.0,0.0,0.0,66.0,Good,0.6625839,132,1,0
2,Good,72.0,109.0,12.0,110.0,9.0,0.0,0.0,88.0,14.0,6.0,5.0,8.0,0.0,12.0,0.0,0.0,0.0,34.0,0.0,1.0,0.0,0.0,66.0,Good,0.5752542,132,1,0
3,Bad,72.0,110.0,13.0,109.0,9.0,0.0,0.0,87.0,14.0,6.0,5.0,8.0,0.0,13.0,0.0,0.0,0.0,35.0,0.0,1.0,0.0,0.0,66.0,Bad,0.5016367,132,0,1
4,Bad,83.0,151.0,13.0,53.0,30.0,2.0,0.0,96.0,50.0,6.0,6.0,34.0,0.0,39.0,0.0,7.0,3.0,25.0,0.0,5.0,2.0,1.0,55.0,Bad,0.6546061,133,0,1
5,Bad,83.0,149.0,12.0,55.0,30.0,2.0,0.0,97.0,50.0,6.0,6.0,34.0,0.0,39.0,0.0,7.0,3.0,25.0,0.0,5.0,2.0,1.0,55.0,Bad,0.5775219,133,0,1
6,Bad,83.0,150.0,12.0,54.0,30.0,2.0,0.0,97.0,50.0,6.0,6.0,34.0,0.0,39.0,0.0,7.0,3.0,25.0,0.0,5.0,2.0,1.0,55.0,Bad,0.6370971,133,0,1
7,Bad,83.0,149.0,12.0,53.0,30.0,2.0,0.0,96.0,49.0,6.0,6.0,34.0,0.0,39.0,0.0,7.0,3.0,26.0,1.0,5.0,2.0,1.0,55.0,Bad,0.6886503,133,0,1
0,Bad,81.0,97.0,11.0,43.0,26.0,1.0,0.0,99.0,0.0,7.0,8.0,28.0,5.0,12.0,0.0,8.0,6.0,28.0,0.0,3.0,1.0,0.0,60.0,Bad,0.60756135,134,0,1
1,Bad,81.0,98.0,9.0,42.0,26.0,1.0,0.0,99.0,0.0,7.0,8.0,28.0,5.0,12.0,0.0,8.0,6.0,29.0,0.0,3.0,1.0,0.0,60.0,Bad,0.68376386,134,0,1
2,Bad,81.0,95.0,8.0,41.0,26.0,1.0,0.0,99.0,0.0,7.0,8.0,28.0,5.0,12.0,0.0,8.0,6.0,29.0,0.0,3.0,1.0,0.0,60.0,Bad,0.5713882,134,0,1
3,Bad,81.0,97.0,9.0,43.0,26.0,1.0,0.0,99.0,0.0,7.0,8.0,28.0,5.0,12.0,0.0,8.0,6.0,29.0,2.0,3.0,1.0,0.0,60.0,Bad,0.56477606,134,0,1
4,Bad,11.0,61.0,0.0,147.0,18.0,0.0,0.0,9.0,0.0,1.0,0.0,5.0,0.0,0.0,1.0,0.0,0.0,0.0,0.0,0.0,1.0,0.0,0.0,Bad,0.57075965,135,0,1
5,Bad,11.0,64.0,0.0,148.0,18.0,0.0,0.0,9.0,0.0,1.0,0.0,5.0,0.0,0.0,1.0,0.0,0.0,0.0,0.0,0.0,1.0,0.0,0.0,Bad,0.6118206,135,0,1
6,Bad,11.0,60.0,0.0,148.0,18.0,0.0,0.0,9.0,0.0,1.0,0.0,5.0,0.0,0.0,1.0,0.0,0.0,0.0,0.0,0.0,1.0,0.0,0.0,Bad,0.64041406,135,0,1
7,Bad,10.0,55.0,0.0,144.0,19.0,0.0,0.0,9.0,0.0,1.0,0.0,5.0,0.0,0.0,1.0,0.0,0.0,0.0,0.0,0.0,1.0,0.0,0.0,Bad,0.5552968,135,0,1
0,Good,63.0,222.0,8.0,133.0,32.0,1.0,2.0,81.0,23.0,6.0,2.0,33.0,1.0,35.0,0.0,0.0,0.0,13.0,80.0,9.0,1.0,0.0,86.0,Good,0.6118011,136,1,0
1,Good,63.0,220.0,10.0,132.0,32.0,1.0,2.0,81.0,23.0,6.0,2.0,33.0,1.0,35.0,0.0,0.0,0.0,13.0,81.0,9.0,1.0,0.0,86.0,Good,0.63137513,136,1,0
2,Bad,63.0,220.0,12.0,132.0,32.0,1.0,2.0,80.0,23.0,6.0,2.0,33.0,1.0,35.0,0.0,0.0,0.0,13.0,83.0,9.0,1.0,0.0,86.0,Bad,0.5207983,136,0,1
3,Bad,63.0,220.0,9.0,130.0,32.0,1.0,2.0,81.0,23.0,6.0,2.0,33.0,1.0,35.0,0.0,0.0,0.0,13.0,82.0,9.0,1.0,0.0,86.0,Bad,0.53848445,136,0,1
4,Bad,66.0,283.0,0.0,117.0,18.0,0.0,0.0,46.0,1.0,5.0,5.0,17.0,0.0,70.0,0.0,0.0,0.0,57.0,67.0,0.0,7.0,1.0,89.0,Bad,0.6743054,137,0,1
5,Bad,65.0,278.0,3.0,108.0,17.0,0.0,0.0,46.0,2.0,5.0,5.0,17.0,0.0,71.0,0.0,0.0,0.0,62.0,70.0,0.0,7.0,1.0,89.0,Bad,0.80627805,137,0,1
6,Bad,65.0,282.0,0.0,114.0,17.0,0.0,0.0,46.0,1.0,5.0,5.0,17.0,0.0,70.0,0.0,0.0,0.0,58.0,68.0,0.0,7.0,1.0,89.0,Bad,0.7051083,137,0,1
7,Bad,66.0,285.0,0.0,118.0,18.0,0.0,0.0,46.0,1.0,5.0,5.0,17.0,0.0,70.0,0.0,0.0,0.0,56.0,67.0,0.0,7.0,1.0,89.0,Bad,0.5461674,137,0,1
0,Bad,0.0,0.0,0.0,0.0,0.0,0.0,0.0,0.0,0.0,0.0,0.0,0.0,0.0,0.0,0.0,0.0,0.0,0.0,0.0,0.0,0.0,0.0,0.0,Bad,0.980533,138,0,1
1,Bad,0.0,0.0,0.0,0.0,0.0,0.0,0.0,0.0,0.0,0.0,0.0,0.0,0.0,0.0,0.0,0.0,0.0,0.0,0.0,0.0,0.0,0.0,0.0,Bad,0.9178569,138,0,1
2,Bad,0.0,0.0,0.0,0.0,0.0,0.0,0.0,0.0,0.0,0.0,0.0,0.0,0.0,0.0,0.0,0.0,0.0,0.0,0.0,0.0,0.0,0.0,0.0,Bad,0.92333585,138,0,1
3,Bad,0.0,0.0,0.0,0.0,0.0,0.0,0.0,0.0,0.0,0.0,0.0,0.0,0.0,0.0,0.0,0.0,0.0,0.0,0.0,0.0,0.0,0.0,0.0,Bad,0.8301842,138,0,1
4,Good,60.0,220.0,0.0,127.0,24.0,0.0,1.0,89.0,5.0,3.0,5.0,21.0,2.0,29.0,0.0,0.0,0.0,29.0,72.0,1.0,2.0,0.0,82.0,Good,0.5398593,139,1,0
5,Good,59.0,218.0,0.0,123.0,24.0,0.0,1.0,89.0,5.0,3.0,5.0,22.0,2.0,29.0,0.0,0.0,0.0,31.0,73.0,1.0,2.0,0.0,82.0,Good,0.5155271,139,1,0
6,Bad,59.0,219.0,0.0,123.0,24.0,0.0,1.0,89.0,5.0,3.0,5.0,22.0,2.0,29.0,0.0,0.0,0.0,31.0,74.0,1.0,2.0,0.0,82.0,Bad,0.6316443,139,0,1
7,Bad,59.0,219.0,0.0,124.0,24.0,0.0,1.0,89.0,5.0,3.0,5.0,21.0,2.0,29.0,0.0,0.0,0.0,31.0,72.0,1.0,2.0,0.0,82.0,Bad,0.541072,139,0,1
0,Bad,74.0,251.0,29.0,85.0,21.0,1.0,0.0,96.0,0.0,6.0,6.0,24.0,0.0,14.0,0.0,4.0,3.0,41.0,1.0,5.0,0.0,0.0,57.0,Bad,0.6409662,140,0,1
1,Bad,74.0,252.0,29.0,84.0,21.0,1.0,0.0,96.0,0.0,6.0,6.0,24.0,0.0,14.0,0.0,4.0,3.0,40.0,0.0,5.0,0.0,0.0,57.0,Bad,0.59757406,140,0,1
2,Good,73.0,253.0,30.0,84.0,21.0,1.0,0.0,96.0,0.0,6.0,6.0,24.0,0.0,14.0,0.0,4.0,2.0,40.0,0.0,5.0,0.0,0.0,57.0,Good,0.5027404,140,1,0
3,Bad,73.0,253.0,31.0,85.0,21.0,1.0,0.0,96.0,0.0,6.0,6.0,24.0,0.0,14.0,0.0,4.0,3.0,40.0,1.0,5.0,0.0,0.0,57.0,Bad,0.68150324,140,0,1
4,Bad,84.0,70.0,0.0,68.0,10.0,0.0,0.0,100.0,0.0,7.0,8.0,6.0,1.0,62.0,1.0,4.0,9.0,0.0,0.0,0.0,1.0,0.0,48.0,Bad,0.5079233,141,0,1
5,Good,84.0,67.0,0.0,69.0,10.0,0.0,0.0,100.0,0.0,7.0,8.0,6.0,1.0,62.0,1.0,4.0,9.0,0.0,0.0,0.0,1.0,0.0,48.0,Good,0.5153743,141,1,0
6,Bad,84.0,69.0,0.0,69.0,10.0,0.0,0.0,100.0,0.0,7.0,8.0,6.0,1.0,63.0,1.0,4.0,9.0,0.0,0.0,0.0,1.0,0.0,49.0,Bad,0.6768153,141,0,1
7,Good,84.0,67.0,0.0,70.0,10.0,0.0,0.0,100.0,0.0,7.0,8.0,6.0,1.0,62.0,1.0,3.0,8.0,0.0,0.0,0.0,2.0,0.0,48.0,Good,0.6843132,141,1,0
0,Bad,70.0,39.0,0.0,48.0,9.0,0.0,0.0,100.0,0.0,7.0,8.0,8.0,4.0,29.0,0.0,0.0,3.0,0.0,90.0,0.0,2.0,0.0,49.0,Bad,0.6126863,142,0,1
1,Good,70.0,37.0,0.0,47.0,8.0,0.0,0.0,100.0,0.0,7.0,8.0,8.0,4.0,30.0,0.0,0.0,4.0,0.0,91.0,0.0,2.0,0.0,49.0,Good,0.5269687,142,1,0
2,Bad,70.0,40.0,0.0,49.0,9.0,0.0,0.0,100.0,0.0,7.0,8.0,8.0,4.0,30.0,0.0,0.0,4.0,0.0,92.0,0.0,2.0,0.0,49.0,Bad,0.5429271,142,0,1
3,Bad,70.0,39.0,0.0,49.0,9.0,0.0,0.0,100.0,0.0,7.0,8.0,8.0,4.0,29.0,0.0,0.0,4.0,0.0,91.0,0.0,2.0,0.0,49.0,Bad,0.6281107,142,0,1
4,Bad,79.0,230.0,11.0,93.0,26.0,1.0,0.0,96.0,2.0,4.0,6.0,30.0,4.0,38.0,2.0,6.0,5.0,13.0,103.0,4.0,2.0,0.0,86.0,Bad,0.6324344,143,0,1
5,Bad,79.0,231.0,12.0,91.0,26.0,1.0,0.0,96.0,2.0,4.0,6.0,30.0,4.0,38.0,2.0,7.0,5.0,14.0,102.0,4.0,2.0,0.0,86.0,Bad,0.6033886,143,0,1
6,Bad,78.0,229.0,10.0,88.0,26.0,1.0,0.0,96.0,2.0,4.0,6.0,30.0,4.0,38.0,2.0,7.0,5.0,14.0,104.0,5.0,2.0,0.0,86.0,Bad,0.7318227,143,0,1
7,Bad,79.0,230.0,9.0,91.0,26.0,1.0,0.0,96.0,2.0,4.0,6.0,30.0,4.0,38.0,2.0,6.0,5.0,13.0,104.0,4.0,2.0,0.0,86.0,Bad,0.50040543,143,0,1
0,Good,74.0,265.0,0.0,101.0,24.0,2.0,2.0,91.0,32.0,6.0,3.0,23.0,3.0,64.0,2.0,0.0,0.0,0.0,77.0,2.0,2.0,0.0,63.0,Good,0.714251,144,1,0
1,Good,74.0,265.0,0.0,100.0,23.0,3.0,2.0,90.0,32.0,6.0,3.0,23.0,3.0,64.0,2.0,0.0,0.0,0.0,76.0,2.0,2.0,0.0,63.0,Good,0.5881421,144,1,0
2,Good,74.0,268.0,0.0,104.0,24.0,2.0,2.0,91.0,33.0,6.0,3.0,23.0,3.0,63.0,2.0,0.0,0.0,0.0,74.0,2.0,2.0,0.0,62.0,Good,0.59982944,144,1,0
3,Bad,74.0,266.0,0.0,100.0,23.0,3.0,2.0,91.0,32.0,6.0,3.0,23.0,3.0,64.0,2.0,0.0,0.0,0.0,74.0,2.0,2.0,0.0,62.0,Bad,0.5316261,144,0,1
4,Good,68.0,41.0,0.0,165.0,29.0,2.0,6.0,85.0,10.0,5.0,2.0,28.0,0.0,58.0,5.0,0.0,0.0,56.0,37.0,0.0,5.0,0.0,97.0,Good,0.5933809,145,1,0
5,Good,67.0,40.0,0.0,162.0,29.0,2.0,6.0,85.0,10.0,5.0,2.0,28.0,0.0,59.0,6.0,0.0,0.0,55.0,38.0,0.0,5.0,0.0,97.0,Good,0.5385645,145,1,0
6,Good,67.0,38.0,0.0,162.0,29.0,2.0,6.0,85.0,10.0,5.0,2.0,28.0,0.0,59.0,5.0,0.0,0.0,56.0,38.0,0.0,5.0,0.0,97.0,Good,0.645998,145,1,0
7,Bad,67.0,41.0,0.0,163.0,29.0,2.0,5.0,85.0,10.0,5.0,2.0,28.0,0.0,59.0,5.0,0.0,0.0,57.0,37.0,0.0,5.0,0.0,97.0,Bad,0.50711197,145,0,1
0,Bad,61.0,257.0,0.0,104.0,37.0,0.0,1.0,91.0,4.0,1.0,3.0,40.0,4.0,70.0,3.0,0.0,0.0,0.0,57.0,2.0,12.0,0.0,89.0,Bad,0.5159454,146,0,1
1,Good,60.0,256.0,0.0,101.0,37.0,0.0,1.0,91.0,4.0,1.0,3.0,40.0,4.0,70.0,3.0,0.0,0.0,0.0,58.0,2.0,13.0,0.0,89.0,Good,0.58404535,146,1,0
2,Good,60.0,256.0,0.0,100.0,37.0,0.0,1.0,90.0,4.0,1.0,3.0,40.0,4.0,71.0,3.0,0.0,0.0,0.0,58.0,2.0,12.0,0.0,89.0,Good,0.671385,146,1,0
3,Bad,60.0,256.0,0.0,102.0,37.0,0.0,1.0,90.0,4.0,1.0,3.0,40.0,4.0,71.0,3.0,0.0,0.0,0.0,58.0,2.0,12.0,0.0,89.0,Bad,0.5069105,146,0,1
4,Bad,76.0,148.0,7.0,43.0,30.0,1.0,0.0,100.0,0.0,7.0,8.0,32.0,6.0,64.0,2.0,4.0,2.0,33.0,78.0,6.0,14.0,0.0,86.0,Bad,0.5862854,147,0,1
5,Bad,76.0,149.0,6.0,44.0,30.0,1.0,0.0,99.0,0.0,7.0,8.0,32.0,6.0,64.0,2.0,4.0,2.0,32.0,78.0,6.0,14.0,0.0,86.0,Bad,0.5116984,147,0,1
6,Bad,76.0,146.0,7.0,42.0,30.0,1.0,0.0,100.0,0.0,7.0,8.0,32.0,6.0,64.0,2.0,4.0,2.0,33.0,77.0,5.0,14.0,0.0,86.0,Bad,0.5457902,147,0,1
7,Bad,76.0,146.0,7.0,43.0,30.0,1.0,0.0,100.0,0.0,7.0,8.0,32.0,6.0,64.0,2.0,4.0,2.0,32.0,77.0,5.0,14.0,0.0,86.0,Bad,0.7727412,147,0,1
0,Bad,70.0,53.0,0.0,74.0,16.0,0.0,0.0,100.0,0.0,7.0,8.0,13.0,0.0,23.0,4.0,0.0,0.0,51.0,1.0,4.0,2.0,1.0,87.0,Bad,0.53882533,148,0,1
1,Good,70.0,56.0,0.0,74.0,16.0,0.0,0.0,100.0,0.0,7.0,8.0,13.0,0.0,23.0,4.0,0.0,0.0,51.0,0.0,4.0,2.0,1.0,87.0,Good,0.6035107,148,1,0
2,Bad,69.0,57.0,0.0,73.0,16.0,0.0,0.0,100.0,0.0,7.0,8.0,13.0,0.0,23.0,4.0,0.0,0.0,52.0,0.0,4.0,2.0,1.0,87.0,Bad,0.5186988,148,0,1
3,Good,69.0,57.0,0.0,72.0,16.0,0.0,0.0,100.0,0.0,7.0,8.0,13.0,0.0,24.0,4.0,0.0,0.0,52.0,0.0,4.0,2.0,1.0,87.0,Good,0.59130156,148,1,0
4,Good,71.0,111.0,0.0,83.0,12.0,0.0,0.0,100.0,0.0,7.0,8.0,10.0,1.0,30.0,1.0,0.0,0.0,45.0,42.0,3.0,2.0,1.0,87.0,Good,0.5190286,149,1,0
5,Bad,70.0,110.0,0.0,80.0,12.0,0.0,0.0,100.0,0.0,7.0,8.0,10.0,1.0,31.0,0.0,0.0,0.0,46.0,43.0,3.0,2.0,1.0,87.0,Bad,0.6178974,149,0,1
6,Good,71.0,112.0,0.0,83.0,12.0,0.0,0.0,100.0,0.0,7.0,8.0,10.0,1.0,30.0,1.0,0.0,0.0,45.0,41.0,3.0,2.0,1.0,87.0,Good,0.53522897,149,1,0
7,Good,71.0,111.0,0.0,83.0,12.0,0.0,0.0,100.0,0.0,7.0,8.0,9.0,1.0,30.0,1.0,0.0,0.0,45.0,42.0,3.0,2.0,1.0,87.0,Good,0.6206927,149,1,0
0,Bad,76.0,147.0,0.0,108.0,28.0,0.0,0.0,100.0,0.0,7.0,8.0,25.0,4.0,34.0,0.0,0.0,0.0,34.0,94.0,9.0,1.0,1.0,100.0,Bad,0.58022666,150,0,1
1,Good,76.0,146.0,0.0,107.0,28.0,0.0,0.0,100.0,0.0,7.0,8.0,25.0,4.0,34.0,0.0,0.0,0.0,35.0,95.0,9.0,1.0,1.0,100.0,Good,0.6908179,150,1,0
2,Bad,76.0,145.0,0.0,104.0,28.0,0.0,0.0,100.0,0.0,7.0,8.0,25.0,4.0,34.0,0.0,0.0,0.0,37.0,95.0,10.0,1.0,1.0,100.0,Bad,0.50978214,150,0,1
3,Good,76.0,146.0,0.0,106.0,28.0,0.0,0.0,100.0,0.0,7.0,8.0,25.0,4.0,34.0,0.0,0.0,0.0,36.0,95.0,9.0,1.0,1.0,100.0,Good,0.66830003,150,1,0
4,Bad,71.0,181.0,14.0,94.0,26.0,1.0,0.0,99.0,0.0,7.0,8.0,30.0,1.0,24.0,7.0,4.0,2.0,53.0,81.0,10.0,3.0,1.0,68.0,Bad,0.5350669,151,0,1
5,Bad,71.0,180.0,14.0,93.0,26.0,1.0,0.0,99.0,0.0,7.0,8.0,30.0,1.0,24.0,7.0,4.0,2.0,54.0,82.0,10.0,3.0,1.0,68.0,Bad,0.592062,151,0,1
6,Bad,71.0,180.0,16.0,91.0,25.0,1.0,0.0,99.0,0.0,7.0,8.0,30.0,1.0,24.0,6.0,4.0,2.0,55.0,83.0,10.0,3.0,2.0,68.0,Bad,0.60101736,151,0,1
7,Bad,71.0,181.0,15.0,93.0,26.0,1.0,0.0,99.0,0.0,7.0,8.0,30.0,1.0,24.0,7.0,4.0,2.0,53.0,81.0,10.0,3.0,1.0,68.0,Bad,0.5529278,151,0,1
0,Bad,75.0,208.0,28.0,66.0,44.0,2.0,0.0,99.0,0.0,7.0,8.0,51.0,0.0,37.0,16.0,6.0,3.0,62.0,0.0,10.0,1.0,3.0,75.0,Bad,0.54333663,152,0,1
1,Bad,75.0,207.0,27.0,67.0,44.0,1.0,0.0,99.0,0.0,7.0,8.0,51.0,0.0,37.0,16.0,6.0,3.0,62.0,0.0,10.0,1.0,3.0,75.0,Bad,0.6956978,152,0,1
2,Bad,75.0,207.0,27.0,64.0,44.0,2.0,0.0,99.0,0.0,7.0,8.0,51.0,0.0,37.0,16.0,6.0,3.0,62.0,0.0,10.0,1.0,3.0,74.0,Bad,0.54128414,152,0,1
3,Bad,75.0,209.0,26.0,68.0,44.0,1.0,0.0,99.0,0.0,7.0,8.0,51.0,0.0,37.0,16.0,5.0,3.0,61.0,0.0,10.0,1.0,3.0,74.0,Bad,0.5133548,152,0,1
4,Good,63.0,194.0,0.0,135.0,36.0,0.0,0.0,83.0,22.0,5.0,6.0,35.0,1.0,49.0,19.0,0.0,0.0,83.0,79.0,5.0,4.0,4.0,100.0,Good,0.5328084,153,1,0
5,Good,63.0,195.0,2.0,133.0,36.0,0.0,0.0,83.0,22.0,5.0,6.0,35.0,1.0,49.0,19.0,0.0,0.0,84.0,79.0,5.0,4.0,4.0,100.0,Good,0.50859904,153,1,0
6,Good,63.0,194.0,1.0,133.0,36.0,0.0,0.0,83.0,22.0,5.0,6.0,35.0,1.0,49.0,19.0,0.0,0.0,84.0,79.0,5.0,4.0,4.0,100.0,Good,0.5541391,153,1,0
7,Good,63.0,194.0,1.0,135.0,36.0,0.0,0.0,83.0,22.0,5.0,6.0,35.0,1.0,49.0,19.0,0.0,0.0,83.0,81.0,5.0,4.0,3.0,100.0,Good,0.5517939,153,1,0
0,Bad,84.0,240.0,88.0,117.0,11.0,2.0,0.0,99.0,0.0,7.0,8.0,13.0,0.0,37.0,1.0,8.0,6.0,16.0,0.0,3.0,1.0,0.0,43.0,Bad,0.59668016,154,0,1
1,Bad,84.0,241.0,87.0,117.0,10.0,2.0,0.0,99.0,0.0,7.0,8.0,13.0,0.0,37.0,1.0,8.0,6.0,16.0,1.0,3.0,1.0,0.0,43.0,Bad,0.6226498,154,0,1
2,Bad,84.0,242.0,87.0,115.0,10.0,2.0,0.0,98.0,0.0,7.0,8.0,13.0,0.0,37.0,1.0,9.0,7.0,17.0,1.0,3.0,1.0,0.0,43.0,Bad,0.6307121,154,0,1
3,Bad,84.0,241.0,88.0,112.0,10.0,2.0,0.0,98.0,0.0,7.0,8.0,13.0,0.0,37.0,1.0,9.0,6.0,18.0,3.0,3.0,1.0,0.0,43.0,Bad,0.71103615,154,0,1
4,Good,71.0,148.0,0.0,89.0,39.0,0.0,0.0,100.0,0.0,7.0,8.0,36.0,3.0,23.0,11.0,0.0,0.0,29.0,81.0,18.0,5.0,4.0,96.0,Good,0.66761905,155,1,0
5,Good,71.0,146.0,0.0,86.0,39.0,0.0,0.0,100.0,0.0,7.0,8.0,36.0,3.0,23.0,11.0,0.0,0.0,30.0,83.0,18.0,5.0,4.0,97.0,Good,0.513369,155,1,0
6,Good,71.0,149.0,0.0,88.0,39.0,0.0,0.0,100.0,0.0,7.0,8.0,36.0,3.0,23.0,11.0,0.0,0.0,29.0,81.0,18.0,5.0,4.0,97.0,Good,0.8192186,155,1,0
7,Good,71.0,147.0,0.0,87.0,39.0,0.0,0.0,100.0,0.0,7.0,8.0,36.0,3.0,23.0,11.0,0.0,0.0,30.0,81.0,18.0,5.0,4.0,96.0,Good,0.50093985,155,1,0
0,Good,66.0,187.0,0.0,131.0,35.0,0.0,0.0,86.0,0.0,4.0,6.0,33.0,2.0,35.0,0.0,0.0,1.0,32.0,77.0,4.0,3.0,3.0,62.0,Good,0.5144665,156,1,0
1,Good,66.0,187.0,0.0,131.0,35.0,0.0,0.0,86.0,0.0,4.0,6.0,34.0,2.0,35.0,0.0,0.0,2.0,31.0,77.0,4.0,3.0,3.0,62.0,Good,0.61891365,156,1,0
2,Good,66.0,188.0,0.0,132.0,35.0,0.0,0.0,86.0,0.0,4.0,6.0,33.0,2.0,35.0,0.0,0.0,1.0,31.0,76.0,3.0,3.0,3.0,62.0,Good,0.58449554,156,1,0
3,Good,66.0,189.0,0.0,131.0,35.0,0.0,0.0,86.0,0.0,4.0,6.0,33.0,2.0,35.0,0.0,0.0,1.0,31.0,76.0,3.0,3.0,3.0,62.0,Good,0.6285638,156,1,0
4,Bad,77.0,236.0,17.0,75.0,33.0,2.0,0.0,99.0,0.0,7.0,8.0,37.0,1.0,44.0,4.0,7.0,4.0,36.0,66.0,7.0,4.0,0.0,71.0,Bad,0.7245019,157,0,1
5,Bad,76.0,234.0,20.0,73.0,32.0,2.0,0.0,99.0,0.0,7.0,8.0,37.0,1.0,45.0,3.0,7.0,4.0,37.0,68.0,7.0,4.0,0.0,71.0,Bad,0.6448921,157,0,1
6,Bad,77.0,236.0,18.0,76.0,33.0,2.0,0.0,99.0,0.0,7.0,8.0,36.0,1.0,44.0,3.0,7.0,4.0,36.0,65.0,7.0,4.0,0.0,71.0,Bad,0.620387,157,0,1
7,Bad,76.0,236.0,21.0,77.0,33.0,2.0,0.0,99.0,0.0,7.0,8.0,37.0,1.0,45.0,3.0,6.0,4.0,35.0,68.0,7.0,4.0,0.0,71.0,Bad,0.6464766,157,0,1
0,Good,78.0,164.0,0.0,99.0,23.0,0.0,0.0,95.0,0.0,5.0,7.0,21.0,1.0,70.0,3.0,0.0,0.0,32.0,67.0,2.0,3.0,1.0,75.0,Good,0.63129324,158,1,0
1,Good,78.0,167.0,0.0,104.0,23.0,0.0,0.0,96.0,0.0,5.0,7.0,21.0,1.0,69.0,3.0,0.0,0.0,30.0,63.0,2.0,3.0,1.0,74.0,Good,0.58926266,158,1,0
2,Good,78.0,165.0,0.0,99.0,23.0,0.0,0.0,96.0,0.0,5.0,7.0,21.0,1.0,70.0,3.0,0.0,0.0,33.0,65.0,2.0,3.0,1.0,75.0,Good,0.51001966,158,1,0
3,Good,78.0,165.0,0.0,101.0,23.0,0.0,0.0,96.0,0.0,5.0,7.0,21.0,1.0,69.0,3.0,0.0,0.0,31.0,65.0,2.0,3.0,1.0,75.0,Good,0.6744638,158,1,0
4,Bad,68.0,51.0,0.0,70.0,10.0,0.0,1.0,100.0,0.0,6.0,8.0,5.0,0.0,96.0,3.0,0.0,0.0,0.0,0.0,0.0,1.0,0.0,99.0,Bad,0.556047,159,0,1
5,Bad,68.0,54.0,0.0,73.0,10.0,0.0,1.0,100.0,0.0,6.0,8.0,5.0,0.0,95.0,3.0,0.0,0.0,0.0,0.0,0.0,1.0,0.0,98.0,Bad,0.5368632,159,0,1
6,Bad,69.0,57.0,0.0,77.0,11.0,0.0,1.0,100.0,0.0,6.0,8.0,5.0,0.0,95.0,3.0,0.0,0.0,0.0,0.0,0.0,1.0,0.0,98.0,Bad,0.5200685,159,0,1
7,Bad,69.0,51.0,0.0,76.0,11.0,0.0,1.0,100.0,0.0,6.0,8.0,5.0,0.0,95.0,3.0,0.0,0.0,0.0,0.0,0.0,1.0,0.0,99.0,Bad,0.53059036,159,0,1
0,Bad,79.0,233.0,12.0,100.0,52.0,2.0,0.0,97.0,0.0,6.0,6.0,56.0,3.0,43.0,0.0,9.0,6.0,43.0,104.0,7.0,3.0,0.0,89.0,Bad,0.67117345,160,0,1
1,Bad,78.0,234.0,13.0,100.0,52.0,2.0,0.0,97.0,0.0,6.0,6.0,56.0,3.0,43.0,0.0,9.0,6.0,43.0,103.0,8.0,3.0,0.0,89.0,Bad,0.6304967,160,0,1
2,Bad,78.0,233.0,11.0,101.0,52.0,2.0,0.0,97.0,0.0,6.0,6.0,56.0,3.0,43.0,0.0,9.0,6.0,43.0,104.0,8.0,3.0,0.0,89.0,Bad,0.6076191,160,0,1
3,Bad,79.0,233.0,10.0,103.0,52.0,1.0,0.0,97.0,0.0,6.0,6.0,56.0,3.0,42.0,0.0,9.0,6.0,42.0,103.0,7.0,3.0,0.0,90.0,Bad,0.6186174,160,0,1
4,Bad,11.0,62.0,0.0,148.0,18.0,0.0,0.0,9.0,0.0,1.0,0.0,5.0,0.0,0.0,1.0,0.0,0.0,0.0,0.0,0.0,1.0,0.0,0.0,Bad,0.54386973,161,0,1
5,Bad,10.0,53.0,0.0,144.0,18.0,0.0,0.0,9.0,0.0,1.0,0.0,5.0,0.0,0.0,1.0,0.0,0.0,0.0,0.0,0.0,1.0,0.0,0.0,Bad,0.66876173,161,0,1
6,Bad,10.0,59.0,0.0,145.0,18.0,0.0,0.0,9.0,0.0,1.0,0.0,5.0,0.0,0.0,1.0,0.0,0.0,0.0,0.0,0.0,1.0,0.0,0.0,Bad,0.59646183,161,0,1
7,Bad,11.0,63.0,0.0,152.0,19.0,0.0,0.0,9.0,0.0,1.0,0.0,5.0,0.0,0.0,1.0,0.0,0.0,0.0,0.0,0.0,1.0,0.0,0.0,Bad,0.5753317,161,0,1
0,Bad,81.0,229.0,29.0,90.0,32.0,3.0,1.0,98.0,0.0,7.0,8.0,35.0,1.0,41.0,1.0,8.0,5.0,26.0,26.0,5.0,3.0,0.0,50.0,Bad,0.653525,162,0,1
1,Bad,81.0,230.0,30.0,89.0,32.0,3.0,1.0,98.0,0.0,7.0,8.0,35.0,1.0,41.0,1.0,8.0,5.0,26.0,24.0,5.0,3.0,0.0,49.0,Bad,0.6031305,162,0,1
2,Bad,81.0,229.0,31.0,89.0,32.0,3.0,1.0,99.0,0.0,7.0,8.0,36.0,1.0,41.0,1.0,9.0,5.0,26.0,25.0,5.0,3.0,0.0,50.0,Bad,0.6552866,162,0,1
3,Bad,81.0,229.0,27.0,88.0,32.0,3.0,1.0,99.0,0.0,7.0,8.0,35.0,1.0,41.0,1.0,8.0,5.0,27.0,24.0,5.0,3.0,0.0,49.0,Bad,0.6003181,162,0,1
4,Bad,78.0,170.0,0.0,102.0,16.0,0.0,0.0,100.0,0.0,7.0,8.0,13.0,2.0,40.0,2.0,0.0,0.0,64.0,95.0,1.0,3.0,2.0,82.0,Bad,0.50806826,163,0,1
5,Good,78.0,168.0,0.0,99.0,16.0,0.0,0.0,100.0,0.0,7.0,8.0,13.0,2.0,40.0,2.0,0.0,0.0,66.0,96.0,1.0,3.0,2.0,82.0,Good,0.5614021,163,1,0
6,Bad,78.0,171.0,0.0,100.0,15.0,0.0,0.0,100.0,0.0,7.0,8.0,12.0,2.0,40.0,2.0,0.0,0.0,66.0,95.0,1.0,2.0,2.0,83.0,Bad,0.56432056,163,0,1
7,Good,78.0,169.0,0.0,100.0,16.0,0.0,0.0,100.0,0.0,7.0,8.0,13.0,2.0,40.0,2.0,0.0,0.0,65.0,95.0,1.0,2.0,2.0,83.0,Good,0.54498446,163,1,0
0,Bad,11.0,60.0,0.0,148.0,19.0,0.0,0.0,9.0,0.0,1.0,0.0,5.0,0.0,0.0,1.0,0.0,0.0,0.0,0.0,0.0,1.0,0.0,0.0,Bad,0.63277423,164,0,1
1,Bad,11.0,63.0,0.0,151.0,19.0,0.0,0.0,9.0,0.0,1.0,0.0,5.0,0.0,0.0,1.0,0.0,0.0,0.0,0.0,0.0,1.0,0.0,0.0,Bad,0.6219959,164,0,1
2,Bad,11.0,60.0,0.0,151.0,19.0,0.0,0.0,9.0,0.0,1.0,0.0,5.0,0.0,0.0,1.0,0.0,0.0,0.0,0.0,0.0,1.0,0.0,0.0,Bad,0.6016882,164,0,1
3,Bad,11.0,64.0,0.0,149.0,19.0,0.0,0.0,9.0,0.0,1.0,0.0,5.0,0.0,0.0,1.0,0.0,0.0,0.0,0.0,0.0,1.0,0.0,0.0,Bad,0.5945723,164,0,1
4,Good,73.0,139.0,0.0,82.0,26.0,0.0,0.0,100.0,0.0,7.0,8.0,26.0,3.0,41.0,2.0,0.0,1.0,30.0,65.0,4.0,3.0,2.0,73.0,Good,0.58043116,165,1,0
5,Good,74.0,140.0,0.0,83.0,26.0,0.0,0.0,100.0,0.0,7.0,8.0,26.0,3.0,41.0,2.0,0.0,1.0,29.0,65.0,4.0,3.0,2.0,73.0,Good,0.6324005,165,1,0
6,Good,74.0,140.0,0.0,81.0,26.0,0.0,0.0,100.0,0.0,7.0,8.0,26.0,3.0,41.0,2.0,0.0,1.0,30.0,65.0,4.0,3.0,2.0,73.0,Good,0.65706086,165,1,0
7,Good,74.0,140.0,0.0,82.0,26.0,0.0,0.0,100.0,0.0,7.0,8.0,26.0,3.0,41.0,2.0,0.0,1.0,30.0,65.0,4.0,3.0,2.0,73.0,Good,0.64086986,165,1,0
0,Good,73.0,189.0,2.0,94.0,34.0,0.0,1.0,98.0,51.0,6.0,3.0,33.0,5.0,20.0,1.0,0.0,3.0,25.0,44.0,11.0,4.0,2.0,76.0,Good,0.70195496,166,1,0
1,Good,73.0,187.0,0.0,92.0,34.0,0.0,1.0,98.0,51.0,6.0,3.0,33.0,5.0,20.0,1.0,0.0,3.0,26.0,44.0,11.0,4.0,2.0,76.0,Good,0.5421243,166,1,0
2,Good,73.0,189.0,3.0,94.0,34.0,0.0,1.0,98.0,51.0,6.0,3.0,33.0,5.0,20.0,1.0,0.0,3.0,25.0,44.0,11.0,4.0,2.0,77.0,Good,0.59314233,166,1,0
3,Good,73.0,190.0,2.0,95.0,34.0,0.0,1.0,98.0,51.0,6.0,3.0,33.0,5.0,20.0,1.0,0.0,3.0,25.0,42.0,11.0,4.0,2.0,76.0,Good,0.5863337,166,1,0
4,Good,67.0,260.0,30.0,202.0,25.0,0.0,1.0,87.0,5.0,4.0,4.0,27.0,0.0,50.0,5.0,0.0,0.0,63.0,24.0,3.0,3.0,1.0,87.0,Good,0.57239455,167,1,0
5,Good,67.0,262.0,33.0,204.0,26.0,0.0,1.0,86.0,6.0,4.0,4.0,27.0,0.0,51.0,5.0,0.0,0.0,63.0,25.0,3.0,3.0,1.0,88.0,Good,0.57889265,167,1,0
6,Good,67.0,262.0,32.0,204.0,25.0,0.0,1.0,86.0,6.0,4.0,4.0,27.0,0.0,51.0,5.0,0.0,0.0,62.0,24.0,3.0,3.0,1.0,88.0,Good,0.5522864,167,1,0
7,Good,67.0,261.0,30.0,203.0,25.0,0.0,1.0,87.0,5.0,4.0,4.0,28.0,0.0,50.0,5.0,0.0,0.0,62.0,24.0,3.0,3.0,1.0,87.0,Good,0.5953961,167,1,0
0,Good,63.0,161.0,0.0,151.0,59.0,0.0,0.0,100.0,0.0,5.0,6.0,54.0,3.0,22.0,2.0,0.0,1.0,21.0,8.0,12.0,3.0,8.0,80.0,Good,0.51558596,168,1,0
1,Good,63.0,162.0,0.0,149.0,59.0,0.0,0.0,100.0,0.0,5.0,6.0,54.0,3.0,22.0,2.0,0.0,1.0,22.0,7.0,12.0,3.0,8.0,80.0,Good,0.500429,168,1,0
2,Bad,63.0,163.0,0.0,150.0,59.0,0.0,0.0,100.0,0.0,5.0,6.0,54.0,3.0,22.0,2.0,0.0,0.0,21.0,8.0,12.0,3.0,8.0,80.0,Bad,0.52551246,168,0,1
3,Good,63.0,164.0,0.0,150.0,59.0,0.0,0.0,100.0,1.0,5.0,6.0,54.0,3.0,22.0,2.0,0.0,1.0,21.0,7.0,12.0,3.0,8.0,80.0,Good,0.5371012,168,1,0
4,Bad,87.0,127.0,21.0,50.0,11.0,1.0,0.0,99.0,0.0,7.0,8.0,14.0,0.0,1.0,0.0,7.0,4.0,20.0,0.0,4.0,0.0,1.0,50.0,Bad,0.5144251,169,0,1
5,Bad,87.0,127.0,23.0,51.0,11.0,1.0,0.0,99.0,0.0,7.0,8.0,14.0,0.0,1.0,0.0,7.0,4.0,20.0,1.0,4.0,0.0,1.0,50.0,Bad,0.58462465,169,0,1
6,Bad,87.0,128.0,21.0,52.0,11.0,1.0,0.0,99.0,0.0,7.0,8.0,14.0,0.0,1.0,0.0,7.0,4.0,20.0,0.0,4.0,0.0,1.0,50.0,Bad,0.71131456,169,0,1
7,Bad,87.0,128.0,20.0,51.0,11.0,1.0,0.0,99.0,0.0,7.0,8.0,14.0,0.0,1.0,0.0,7.0,4.0,20.0,0.0,4.0,0.0,1.0,50.0,Bad,0.55990773,169,0,1
0,Bad,53.0,238.0,6.0,132.0,27.0,1.0,1.0,83.0,0.0,4.0,5.0,26.0,0.0,35.0,4.0,0.0,0.0,21.0,57.0,4.0,3.0,1.0,69.0,Bad,0.5125339,170,0,1
1,Good,53.0,237.0,6.0,130.0,27.0,1.0,1.0,83.0,0.0,4.0,5.0,26.0,0.0,36.0,4.0,0.0,0.0,21.0,59.0,4.0,3.0,1.0,69.0,Good,0.5296831,170,1,0
2,Good,54.0,237.0,6.0,134.0,27.0,0.0,1.0,83.0,0.0,4.0,5.0,26.0,0.0,35.0,4.0,0.0,0.0,18.0,59.0,4.0,3.0,1.0,69.0,Good,0.60053235,170,1,0
3,Good,54.0,239.0,6.0,134.0,27.0,0.0,1.0,83.0,1.0,4.0,5.0,27.0,0.0,35.0,4.0,0.0,0.0,19.0,57.0,4.0,3.0,1.0,69.0,Good,0.60587037,170,1,0
4,Good,74.0,231.0,0.0,115.0,28.0,0.0,1.0,91.0,38.0,5.0,2.0,34.0,3.0,58.0,0.0,0.0,0.0,43.0,72.0,6.0,5.0,0.0,99.0,Good,0.6317715,171,1,0
5,Good,74.0,231.0,2.0,115.0,28.0,0.0,1.0,90.0,38.0,5.0,2.0,33.0,3.0,59.0,0.0,0.0,0.0,42.0,74.0,6.0,5.0,0.0,100.0,Good,0.5715234,171,1,0
6,Good,74.0,228.0,0.0,115.0,28.0,0.0,1.0,91.0,38.0,5.0,2.0,34.0,3.0,58.0,0.0,0.0,0.0,42.0,73.0,6.0,5.0,0.0,99.0,Good,0.64311063,171,1,0
7,Good,74.0,230.0,1.0,114.0,28.0,0.0,1.0,90.0,38.0,5.0,2.0,34.0,3.0,59.0,0.0,0.0,0.0,42.0,73.0,6.0,5.0,0.0,100.0,Good,0.6485962,171,1,0
0,Bad,11.0,67.0,0.0,162.0,21.0,0.0,0.0,10.0,0.0,1.0,0.0,5.0,0.0,0.0,1.0,0.0,0.0,0.0,0.0,0.0,1.0,0.0,0.0,Bad,0.6397941,172,0,1
1,Bad,12.0,65.0,0.0,166.0,21.0,0.0,0.0,10.0,0.0,1.0,0.0,4.0,0.0,0.0,1.0,0.0,0.0,0.0,1.0,0.0,1.0,0.0,0.0,Bad,0.5652402,172,0,1
2,Bad,11.0,62.0,0.0,158.0,20.0,0.0,0.0,9.0,0.0,1.0,0.0,6.0,0.0,0.0,1.0,0.0,0.0,0.0,0.0,0.0,1.0,0.0,0.0,Bad,0.5717475,172,0,1
3,Bad,12.0,70.0,0.0,158.0,20.0,0.0,0.0,10.0,0.0,1.0,0.0,5.0,0.0,0.0,1.0,0.0,0.0,0.0,1.0,0.0,1.0,0.0,0.0,Bad,0.5431674,172,0,1
4,Good,59.0,173.0,0.0,104.0,62.0,0.0,1.0,100.0,2.0,4.0,6.0,60.0,5.0,33.0,2.0,4.0,7.0,19.0,83.0,5.0,5.0,0.0,92.0,Good,0.593381,173,1,0
5,Good,59.0,173.0,0.0,104.0,62.0,0.0,1.0,100.0,3.0,4.0,6.0,60.0,5.0,33.0,2.0,4.0,7.0,17.0,82.0,5.0,5.0,0.0,92.0,Good,0.52832913,173,1,0
6,Good,59.0,175.0,0.0,105.0,62.0,0.0,1.0,100.0,3.0,4.0,6.0,60.0,5.0,33.0,2.0,4.0,7.0,18.0,81.0,5.0,5.0,0.0,92.0,Good,0.56698984,173,1,0
7,Good,59.0,172.0,0.0,104.0,62.0,0.0,1.0,100.0,2.0,4.0,6.0,60.0,5.0,33.0,2.0,4.0,7.0,18.0,83.0,5.0,5.0,1.0,93.0,Good,0.50197715,173,1,0
0,Good,73.0,106.0,0.0,95.0,21.0,3.0,4.0,71.0,25.0,6.0,2.0,22.0,0.0,67.0,6.0,0.0,0.0,0.0,42.0,1.0,2.0,0.0,73.0,Good,0.6699603,174,1,0
1,Bad,73.0,108.0,0.0,94.0,21.0,3.0,4.0,71.0,25.0,6.0,2.0,22.0,0.0,67.0,5.0,0.0,0.0,0.0,43.0,1.0,2.0,0.0,73.0,Bad,0.627887,174,0,1
2,Bad,73.0,108.0,0.0,93.0,21.0,3.0,4.0,71.0,25.0,6.0,2.0,22.0,0.0,67.0,5.0,0.0,0.0,0.0,42.0,1.0,2.0,0.0,73.0,Bad,0.54341966,174,0,1
3,Good,73.0,108.0,0.0,95.0,21.0,3.0,4.0,71.0,25.0,6.0,2.0,22.0,0.0,67.0,5.0,0.0,0.0,0.0,40.0,1.0,2.0,0.0,73.0,Good,0.52885056,174,1,0
4,Bad,65.0,256.0,0.0,126.0,33.0,1.0,3.0,93.0,38.0,0.0,6.0,30.0,1.0,21.0,17.0,0.0,0.0,40.0,2.0,9.0,2.0,1.0,99.0,Bad,0.5313663,175,0,1
5,Bad,65.0,255.0,0.0,126.0,33.0,1.0,3.0,93.0,38.0,0.0,6.0,30.0,1.0,21.0,17.0,0.0,0.0,39.0,3.0,9.0,2.0,2.0,100.0,Bad,0.6507335,175,0,1
6,Good,65.0,254.0,0.0,126.0,33.0,1.0,3.0,93.0,38.0,0.0,6.0,30.0,1.0,21.0,17.0,0.0,0.0,40.0,3.0,9.0,2.0,2.0,100.0,Good,0.6652847,175,1,0
7,Bad,65.0,258.0,0.0,124.0,33.0,1.0,3.0,93.0,38.0,0.0,6.0,30.0,1.0,21.0,17.0,0.0,0.0,40.0,0.0,9.0,2.0,2.0,100.0,Bad,0.51138073,175,0,1
0,Bad,85.0,102.0,16.0,45.0,19.0,1.0,0.0,99.0,0.0,7.0,8.0,22.0,2.0,57.0,5.0,4.0,3.0,16.0,100.0,2.0,3.0,0.0,44.0,Bad,0.62754565,176,0,1
1,Bad,85.0,100.0,17.0,44.0,19.0,1.0,0.0,99.0,0.0,7.0,8.0,22.0,2.0,57.0,5.0,5.0,3.0,16.0,101.0,2.0,3.0,0.0,44.0,Bad,0.7245365,176,0,1
2,Bad,84.0,98.0,19.0,40.0,19.0,2.0,0.0,99.0,0.0,7.0,8.0,21.0,2.0,57.0,5.0,5.0,3.0,17.0,103.0,2.0,3.0,0.0,44.0,Bad,0.64916104,176,0,1
3,Bad,85.0,101.0,17.0,44.0,19.0,1.0,0.0,99.0,0.0,7.0,8.0,22.0,2.0,57.0,5.0,5.0,3.0,16.0,101.0,2.0,3.0,0.0,44.0,Bad,0.5865838,176,0,1
4,Bad,66.0,132.0,6.0,71.0,31.0,0.0,0.0,78.0,2.0,4.0,6.0,32.0,3.0,33.0,0.0,0.0,0.0,13.0,96.0,2.0,10.0,0.0,67.0,Bad,0.5142205,177,0,1
5,Good,66.0,133.0,5.0,73.0,31.0,0.0,0.0,78.0,2.0,4.0,6.0,32.0,3.0,33.0,0.0,0.0,0.0,12.0,96.0,2.0,10.0,0.0,67.0,Good,0.67886955,177,1,0
6,Good,66.0,134.0,5.0,74.0,31.0,0.0,0.0,78.0,2.0,4.0,6.0,32.0,3.0,33.0,0.0,0.0,0.0,12.0,95.0,2.0,10.0,0.0,67.0,Good,0.5475851,177,1,0
7,Good,66.0,134.0,4.0,75.0,31.0,0.0,0.0,78.0,1.0,4.0,6.0,32.0,3.0,33.0,0.0,0.0,0.0,11.0,95.0,1.0,10.0,0.0,67.0,Good,0.61471695,177,1,0
0,Good,71.0,115.0,0.0,83.0,27.0,0.0,0.0,100.0,0.0,7.0,8.0,25.0,3.0,30.0,1.0,0.0,0.0,25.0,92.0,5.0,3.0,3.0,63.0,Good,0.50771755,178,1,0
1,Good,71.0,115.0,0.0,84.0,27.0,0.0,0.0,100.0,0.0,7.0,8.0,25.0,3.0,30.0,1.0,0.0,0.0,25.0,92.0,5.0,3.0,3.0,63.0,Good,0.74070966,178,1,0
2,Good,71.0,115.0,0.0,85.0,27.0,0.0,0.0,100.0,0.0,7.0,8.0,24.0,3.0,30.0,1.0,0.0,0.0,24.0,91.0,5.0,3.0,3.0,64.0,Good,0.5577212,178,1,0
3,Good,71.0,118.0,0.0,84.0,28.0,0.0,0.0,100.0,0.0,7.0,8.0,24.0,3.0,30.0,1.0,0.0,0.0,23.0,92.0,5.0,3.0,3.0,64.0,Good,0.7009977,178,1,0
4,Bad,11.0,62.0,0.0,148.0,18.0,0.0,0.0,9.0,0.0,1.0,0.0,5.0,0.0,0.0,1.0,0.0,0.0,0.0,0.0,0.0,1.0,0.0,0.0,Bad,0.6822462,179,0,1
5,Bad,10.0,56.0,0.0,146.0,18.0,0.0,0.0,9.0,0.0,1.0,0.0,5.0,0.0,0.0,1.0,0.0,0.0,0.0,0.0,0.0,1.0,0.0,0.0,Bad,0.68077284,179,0,1
6,Bad,10.0,59.0,0.0,146.0,18.0,0.0,0.0,10.0,0.0,1.0,0.0,5.0,0.0,0.0,1.0,0.0,0.0,0.0,0.0,0.0,1.0,0.0,0.0,Bad,0.62950164,179,0,1
7,Bad,11.0,64.0,0.0,153.0,19.0,0.0,0.0,9.0,0.0,1.0,0.0,4.0,0.0,0.0,1.0,0.0,0.0,0.0,0.0,0.0,1.0,0.0,0.0,Bad,0.6367097,179,0,1
0,Good,86.0,155.0,38.0,168.0,6.0,0.0,0.0,100.0,0.0,7.0,8.0,5.0,0.0,49.0,0.0,0.0,0.0,45.0,0.0,1.0,0.0,0.0,100.0,Good,0.6553895,180,1,0
1,Good,86.0,154.0,39.0,167.0,6.0,0.0,0.0,100.0,0.0,7.0,8.0,5.0,0.0,49.0,0.0,0.0,0.0,46.0,0.0,1.0,0.0,0.0,100.0,Good,0.5448849,180,1,0
2,Good,86.0,155.0,39.0,167.0,6.0,0.0,0.0,100.0,0.0,7.0,8.0,5.0,0.0,49.0,0.0,0.0,0.0,47.0,0.0,1.0,0.0,0.0,100.0,Good,0.648793,180,1,0
3,Good,86.0,155.0,41.0,168.0,6.0,0.0,0.0,100.0,0.0,7.0,8.0,5.0,0.0,49.0,0.0,0.0,0.0,46.0,0.0,1.0,0.0,0.0,100.0,Good,0.5588164,180,1,0
4,Bad,79.0,199.0,9.0,69.0,35.0,1.0,0.0,99.0,0.0,7.0,8.0,44.0,5.0,17.0,1.0,8.0,5.0,36.0,0.0,6.0,2.0,2.0,34.0,Bad,0.57132274,181,0,1
5,Bad,79.0,200.0,11.0,70.0,35.0,2.0,0.0,99.0,0.0,7.0,8.0,44.0,5.0,17.0,1.0,8.0,6.0,36.0,0.0,5.0,2.0,1.0,35.0,Bad,0.5105987,181,0,1
6,Good,79.0,200.0,11.0,69.0,35.0,1.0,0.0,99.0,0.0,7.0,8.0,44.0,5.0,17.0,1.0,8.0,6.0,37.0,0.0,6.0,2.0,1.0,35.0,Good,0.5342265,181,1,0
7,Bad,79.0,198.0,12.0,67.0,35.0,2.0,0.0,99.0,0.0,7.0,8.0,44.0,5.0,18.0,1.0,9.0,6.0,39.0,0.0,6.0,2.0,2.0,35.0,Bad,0.6071597,181,0,1
0,Bad,12.0,69.0,0.0,163.0,21.0,0.0,0.0,10.0,0.0,1.0,0.0,4.0,0.0,0.0,1.0,0.0,0.0,0.0,0.0,0.0,1.0,0.0,0.0,Bad,0.5732682,182,0,1
1,Bad,11.0,61.0,0.0,161.0,20.0,0.0,0.0,10.0,0.0,1.0,0.0,5.0,0.0,0.0,1.0,0.0,0.0,0.0,1.0,0.0,1.0,0.0,0.0,Bad,0.60209036,182,0,1
2,Bad,12.0,70.0,0.0,163.0,20.0,0.0,0.0,10.0,0.0,1.0,0.0,5.0,0.0,0.0,1.0,0.0,0.0,0.0,0.0,0.0,1.0,0.0,0.0,Bad,0.6074838,182,0,1
3,Bad,12.0,67.0,0.0,160.0,20.0,0.0,0.0,9.0,0.0,1.0,0.0,5.0,0.0,0.0,1.0,0.0,0.0,0.0,0.0,0.0,1.0,0.0,0.0,Bad,0.6666046,182,0,1
4,Bad,12.0,65.0,0.0,162.0,21.0,0.0,0.0,10.0,0.0,1.0,0.0,5.0,0.0,0.0,1.0,0.0,0.0,0.0,0.0,0.0,1.0,0.0,0.0,Bad,0.6034568,183,0,1
5,Bad,11.0,67.0,0.0,161.0,20.0,0.0,0.0,10.0,0.0,1.0,0.0,5.0,0.0,0.0,1.0,0.0,0.0,0.0,0.0,0.0,1.0,0.0,0.0,Bad,0.59957963,183,0,1
6,Bad,12.0,70.0,0.0,165.0,20.0,0.0,0.0,10.0,0.0,1.0,0.0,5.0,0.0,0.0,2.0,0.0,0.0,0.0,0.0,0.0,1.0,0.0,0.0,Bad,0.61738193,183,0,1
7,Bad,12.0,63.0,0.0,164.0,20.0,0.0,0.0,9.0,0.0,1.0,0.0,4.0,0.0,0.0,1.0,0.0,0.0,0.0,0.0,0.0,1.0,0.0,0.0,Bad,0.58030957,183,0,1
0,Good,67.0,327.0,0.0,89.0,29.0,1.0,1.0,69.0,22.0,6.0,4.0,31.0,5.0,44.0,0.0,1.0,2.0,1.0,83.0,0.0,4.0,0.0,56.0,Good,0.6137605,184,1,0
1,Good,67.0,327.0,0.0,89.0,29.0,1.0,1.0,69.0,22.0,6.0,4.0,31.0,5.0,44.0,0.0,1.0,2.0,1.0,83.0,0.0,4.0,0.0,56.0,Good,0.64475155,184,1,0
2,Good,67.0,326.0,0.0,88.0,29.0,1.0,1.0,69.0,22.0,6.0,4.0,31.0,5.0,44.0,0.0,1.0,2.0,2.0,85.0,0.0,4.0,0.0,56.0,Good,0.67360586,184,1,0
3,Good,67.0,327.0,0.0,89.0,29.0,1.0,1.0,69.0,21.0,6.0,4.0,31.0,5.0,43.0,0.0,1.0,2.0,1.0,83.0,0.0,4.0,0.0,56.0,Good,0.5080325,184,1,0
4,Bad,12.0,69.0,0.0,160.0,20.0,0.0,0.0,9.0,0.0,1.0,0.0,5.0,0.0,0.0,1.0,0.0,0.0,0.0,0.0,0.0,1.0,0.0,0.0,Bad,0.5600419,185,0,1
5,Bad,11.0,66.0,0.0,156.0,19.0,0.0,0.0,9.0,0.0,1.0,0.0,5.0,0.0,0.0,1.0,0.0,0.0,0.0,0.0,0.0,1.0,0.0,0.0,Bad,0.5761067,185,0,1
6,Bad,12.0,69.0,0.0,160.0,20.0,0.0,0.0,10.0,0.0,1.0,0.0,5.0,0.0,0.0,1.0,0.0,0.0,0.0,1.0,0.0,1.0,0.0,0.0,Bad,0.5491337,185,0,1
7,Bad,12.0,66.0,0.0,162.0,20.0,0.0,0.0,10.0,0.0,1.0,0.0,5.0,0.0,0.0,1.0,0.0,0.0,0.0,0.0,0.0,1.0,0.0,0.0,Bad,0.6269056,185,0,1
0,Bad,10.0,61.0,0.0,150.0,19.0,0.0,0.0,9.0,0.0,1.0,0.0,5.0,0.0,0.0,1.0,0.0,0.0,0.0,0.0,0.0,1.0,0.0,0.0,Bad,0.66065216,186,0,1
1,Bad,10.0,56.0,0.0,143.0,18.0,0.0,0.0,9.0,0.0,1.0,0.0,5.0,0.0,0.0,1.0,0.0,0.0,0.0,0.0,0.0,1.0,0.0,0.0,Bad,0.61502784,186,0,1
2,Bad,11.0,62.0,0.0,145.0,18.0,0.0,0.0,9.0,0.0,1.0,0.0,5.0,0.0,0.0,1.0,0.0,0.0,0.0,0.0,0.0,1.0,0.0,0.0,Bad,0.6461813,186,0,1
3,Bad,11.0,65.0,0.0,149.0,18.0,0.0,0.0,9.0,0.0,1.0,0.0,5.0,0.0,0.0,1.0,0.0,0.0,0.0,0.0,0.0,1.0,0.0,0.0,Bad,0.6443042,186,0,1
4,Good,66.0,344.0,1.0,65.0,25.0,0.0,0.0,84.0,9.0,4.0,6.0,24.0,2.0,32.0,0.0,0.0,1.0,6.0,74.0,1.0,2.0,0.0,31.0,Good,0.5498373,187,1,0
5,Good,66.0,344.0,2.0,67.0,25.0,0.0,0.0,84.0,9.0,4.0,6.0,24.0,2.0,32.0,0.0,0.0,1.0,6.0,72.0,1.0,2.0,0.0,31.0,Good,0.61679316,187,1,0
6,Good,67.0,346.0,2.0,69.0,25.0,0.0,0.0,84.0,9.0,4.0,6.0,24.0,2.0,32.0,0.0,0.0,0.0,4.0,72.0,1.0,2.0,0.0,31.0,Good,0.73591554,187,1,0
7,Good,66.0,345.0,1.0,68.0,25.0,0.0,0.0,84.0,9.0,4.0,6.0,24.0,2.0,32.0,0.0,0.0,0.0,5.0,72.0,1.0,2.0,0.0,31.0,Good,0.62262315,187,1,0
0,Bad,83.0,187.0,13.0,66.0,26.0,1.0,0.0,99.0,0.0,7.0,8.0,29.0,5.0,39.0,0.0,7.0,5.0,24.0,55.0,6.0,3.0,0.0,73.0,Bad,0.57142264,188,0,1
1,Bad,83.0,187.0,14.0,66.0,26.0,1.0,0.0,99.0,0.0,7.0,8.0,29.0,5.0,40.0,0.0,7.0,5.0,24.0,56.0,6.0,3.0,0.0,73.0,Bad,0.74769527,188,0,1
2,Bad,83.0,188.0,14.0,67.0,26.0,1.0,0.0,99.0,0.0,7.0,8.0,29.0,5.0,39.0,0.0,7.0,5.0,23.0,55.0,6.0,3.0,0.0,73.0,Bad,0.60126126,188,0,1
3,Bad,83.0,189.0,15.0,67.0,26.0,1.0,0.0,99.0,0.0,7.0,8.0,29.0,5.0,39.0,0.0,7.0,5.0,23.0,55.0,6.0,3.0,0.0,73.0,Bad,0.6704304,188,0,1
4,Good,69.0,155.0,0.0,79.0,33.0,0.0,1.0,95.0,12.0,4.0,2.0,32.0,4.0,54.0,3.0,0.0,0.0,5.0,55.0,4.0,6.0,1.0,79.0,Good,0.5034301,189,1,0
5,Good,69.0,154.0,0.0,77.0,33.0,0.0,1.0,95.0,12.0,4.0,2.0,32.0,4.0,54.0,3.0,0.0,0.0,7.0,53.0,4.0,6.0,1.0,79.0,Good,0.56379986,189,1,0
6,Bad,69.0,154.0,0.0,78.0,33.0,0.0,1.0,95.0,12.0,4.0,2.0,32.0,4.0,54.0,3.0,0.0,0.0,5.0,56.0,4.0,6.0,1.0,79.0,Bad,0.53315234,189,0,1
7,Good,69.0,154.0,0.0,79.0,33.0,0.0,1.0,95.0,11.0,4.0,2.0,32.0,4.0,54.0,3.0,0.0,0.0,4.0,55.0,4.0,6.0,1.0,79.0,Good,0.7337782,189,1,0
0,Bad,90.0,353.0,31.0,101.0,9.0,2.0,0.0,98.0,0.0,7.0,8.0,15.0,0.0,36.0,4.0,8.0,5.0,28.0,0.0,2.0,0.0,0.0,60.0,Bad,0.6514423,190,0,1
1,Bad,90.0,351.0,31.0,101.0,10.0,2.0,0.0,98.0,0.0,7.0,8.0,15.0,0.0,36.0,4.0,7.0,5.0,29.0,0.0,2.0,1.0,0.0,60.0,Bad,0.66053087,190,0,1
2,Bad,90.0,352.0,31.0,101.0,10.0,2.0,0.0,98.0,0.0,7.0,8.0,15.0,0.0,36.0,4.0,8.0,5.0,28.0,0.0,3.0,0.0,0.0,60.0,Bad,0.76629204,190,0,1
3,Bad,90.0,351.0,32.0,101.0,10.0,2.0,0.0,98.0,0.0,7.0,8.0,15.0,0.0,37.0,4.0,8.0,6.0,28.0,0.0,3.0,0.0,0.0,60.0,Bad,0.7367757,190,0,1
4,Good,69.0,210.0,0.0,151.0,9.0,0.0,1.0,100.0,0.0,6.0,8.0,6.0,2.0,37.0,4.0,0.0,0.0,64.0,77.0,0.0,3.0,1.0,99.0,Good,0.54841626,191,1,0
5,Good,69.0,210.0,0.0,151.0,9.0,0.0,1.0,100.0,0.0,6.0,8.0,7.0,2.0,37.0,5.0,0.0,0.0,63.0,76.0,0.0,3.0,1.0,99.0,Good,0.60537624,191,1,0
6,Good,69.0,210.0,0.0,153.0,9.0,0.0,1.0,100.0,0.0,6.0,8.0,7.0,2.0,37.0,4.0,0.0,0.0,64.0,78.0,0.0,3.0,1.0,99.0,Good,0.54328555,191,1,0
7,Good,69.0,211.0,0.0,153.0,9.0,0.0,1.0,100.0,0.0,6.0,8.0,6.0,2.0,37.0,5.0,0.0,0.0,63.0,76.0,0.0,3.0,1.0,99.0,Good,0.508616,191,1,0
0,Good,68.0,160.0,0.0,112.0,22.0,0.0,2.0,85.0,6.0,4.0,6.0,19.0,0.0,76.0,1.0,0.0,2.0,0.0,46.0,1.0,5.0,0.0,98.0,Good,0.5826473,192,1,0
1,Good,67.0,159.0,0.0,111.0,22.0,0.0,2.0,85.0,6.0,4.0,6.0,19.0,0.0,76.0,1.0,0.0,3.0,0.0,46.0,1.0,4.0,0.0,98.0,Good,0.5802637,192,1,0
2,Bad,68.0,154.0,0.0,112.0,22.0,0.0,2.0,85.0,6.0,4.0,6.0,19.0,0.0,76.0,1.0,0.0,2.0,0.0,48.0,1.0,5.0,0.0,98.0,Bad,0.5932582,192,0,1
3,Good,68.0,157.0,0.0,111.0,22.0,0.0,2.0,85.0,6.0,4.0,6.0,18.0,0.0,76.0,1.0,0.0,2.0,0.0,46.0,1.0,4.0,0.0,98.0,Good,0.6570196,192,1,0
4,Good,66.0,448.0,0.0,109.0,35.0,1.0,3.0,95.0,26.0,5.0,2.0,40.0,6.0,82.0,0.0,0.0,0.0,0.0,82.0,0.0,4.0,0.0,99.0,Good,0.54144585,193,1,0
5,Good,66.0,444.0,0.0,107.0,35.0,1.0,3.0,95.0,26.0,5.0,2.0,40.0,6.0,82.0,0.0,0.0,0.0,0.0,83.0,0.0,4.0,0.0,99.0,Good,0.5181083,193,1,0
6,Good,66.0,449.0,0.0,110.0,35.0,1.0,3.0,95.0,25.0,5.0,2.0,40.0,6.0,82.0,1.0,0.0,0.0,0.0,82.0,0.0,4.0,0.0,99.0,Good,0.69082147,193,1,0
7,Good,66.0,443.0,0.0,106.0,35.0,2.0,3.0,95.0,25.0,5.0,2.0,40.0,7.0,82.0,1.0,0.0,0.0,0.0,83.0,0.0,4.0,0.0,99.0,Good,0.5504734,193,1,0
0,Good,72.0,189.0,0.0,85.0,20.0,0.0,1.0,92.0,12.0,4.0,5.0,20.0,3.0,53.0,1.0,0.0,0.0,0.0,80.0,2.0,8.0,0.0,73.0,Good,0.6162418,194,1,0
1,Good,72.0,191.0,0.0,84.0,20.0,1.0,1.0,92.0,12.0,4.0,5.0,20.0,3.0,52.0,2.0,0.0,0.0,2.0,79.0,2.0,8.0,0.0,73.0,Good,0.56639415,194,1,0
2,Good,72.0,190.0,0.0,84.0,20.0,1.0,1.0,92.0,12.0,4.0,5.0,20.0,3.0,52.0,1.0,0.0,0.0,1.0,78.0,2.0,8.0,0.0,73.0,Good,0.542682,194,1,0
3,Good,72.0,189.0,0.0,84.0,20.0,1.0,1.0,92.0,12.0,4.0,5.0,20.0,3.0,52.0,2.0,0.0,0.0,1.0,79.0,2.0,8.0,0.0,73.0,Good,0.6744108,194,1,0
4,Good,84.0,345.0,36.0,154.0,12.0,0.0,0.0,91.0,38.0,6.0,6.0,11.0,0.0,40.0,19.0,0.0,0.0,1.0,0.0,1.0,0.0,0.0,33.0,Good,0.686453,195,1,0
5,Good,84.0,344.0,35.0,154.0,12.0,0.0,0.0,91.0,38.0,6.0,6.0,11.0,0.0,40.0,19.0,0.0,0.0,1.0,0.0,1.0,0.0,0.0,33.0,Good,0.730825,195,1,0
6,Good,84.0,344.0,36.0,154.0,12.0,0.0,0.0,91.0,38.0,6.0,6.0,11.0,0.0,40.0,19.0,0.0,0.0,2.0,1.0,1.0,0.0,0.0,33.0,Good,0.6712508,195,1,0
7,Good,84.0,345.0,35.0,154.0,12.0,0.0,0.0,91.0,38.0,6.0,6.0,11.0,0.0,40.0,19.0,0.0,0.0,1.0,0.0,1.0,0.0,0.0,33.0,Good,0.91850704,195,1,0
0,Good,64.0,167.0,0.0,133.0,18.0,1.0,4.0,87.0,30.0,7.0,4.0,11.0,0.0,43.0,4.0,0.0,0.0,50.0,39.0,0.0,3.0,1.0,97.0,Good,0.56853986,196,1,0
1,Good,63.0,169.0,0.0,133.0,19.0,1.0,4.0,87.0,30.0,7.0,4.0,11.0,0.0,43.0,4.0,0.0,0.0,51.0,38.0,0.0,3.0,1.0,96.0,Good,0.59396636,196,1,0
2,Good,64.0,167.0,0.0,134.0,18.0,1.0,4.0,87.0,30.0,7.0,4.0,12.0,0.0,43.0,4.0,0.0,0.0,51.0,38.0,0.0,3.0,1.0,97.0,Good,0.715587,196,1,0
3,Good,64.0,168.0,0.0,133.0,18.0,1.0,4.0,87.0,30.0,7.0,4.0,12.0,0.0,43.0,4.0,0.0,0.0,51.0,40.0,0.0,3.0,1.0,97.0,Good,0.5897395,196,1,0
4,Bad,11.0,62.0,0.0,147.0,18.0,0.0,0.0,10.0,0.0,1.0,0.0,5.0,0.0,0.0,1.0,0.0,0.0,0.0,0.0,0.0,1.0,0.0,0.0,Bad,0.6164729,197,0,1
5,Bad,11.0,57.0,0.0,145.0,18.0,0.0,0.0,9.0,0.0,1.0,0.0,5.0,0.0,0.0,1.0,0.0,0.0,0.0,0.0,0.0,1.0,0.0,0.0,Bad,0.66246253,197,0,1
6,Bad,10.0,57.0,0.0,144.0,18.0,0.0,0.0,9.0,0.0,1.0,0.0,5.0,0.0,0.0,1.0,0.0,0.0,0.0,0.0,0.0,1.0,0.0,0.0,Bad,0.69521874,197,0,1
7,Bad,11.0,61.0,0.0,150.0,19.0,0.0,0.0,9.0,0.0,1.0,0.0,5.0,0.0,0.0,1.0,0.0,0.0,0.0,0.0,0.0,1.0,0.0,0.0,Bad,0.71162593,197,0,1
0,Bad,68.0,317.0,0.0,144.0,40.0,2.0,1.0,80.0,25.0,6.0,2.0,49.0,2.0,47.0,4.0,0.0,0.0,31.0,73.0,7.0,3.0,4.0,65.0,Bad,0.5971941,198,0,1
1,Good,68.0,318.0,1.0,144.0,40.0,2.0,1.0,80.0,25.0,6.0,2.0,49.0,2.0,47.0,4.0,0.0,0.0,30.0,73.0,7.0,3.0,4.0,65.0,Good,0.51893187,198,1,0
2,Good,68.0,318.0,0.0,147.0,40.0,2.0,1.0,80.0,25.0,6.0,2.0,49.0,2.0,47.0,4.0,0.0,0.0,28.0,72.0,7.0,3.0,4.0,65.0,Good,0.61909276,198,1,0
3,Bad,68.0,318.0,0.0,146.0,40.0,2.0,1.0,80.0,25.0,6.0,2.0,49.0,2.0,47.0,5.0,0.0,0.0,29.0,72.0,7.0,3.0,4.0,65.0,Bad,0.5364653,198,0,1
4,Good,70.0,513.0,0.0,187.0,38.0,0.0,0.0,99.0,37.0,6.0,6.0,38.0,4.0,25.0,5.0,0.0,0.0,50.0,60.0,14.0,4.0,11.0,84.0,Good,0.5864784,199,1,0
5,Good,70.0,516.0,0.0,189.0,39.0,0.0,0.0,98.0,37.0,6.0,6.0,38.0,4.0,24.0,5.0,0.0,0.0,49.0,60.0,14.0,4.0,11.0,84.0,Good,0.5211757,199,1,0
6,Good,70.0,515.0,0.0,187.0,38.0,0.0,0.0,98.0,37.0,6.0,6.0,38.0,4.0,25.0,5.0,0.0,0.0,50.0,59.0,14.0,4.0,11.0,84.0,Good,0.5439382,199,1,0
7,Bad,70.0,514.0,0.0,189.0,39.0,0.0,0.0,98.0,37.0,6.0,6.0,38.0,4.0,25.0,5.0,0.0,0.0,48.0,61.0,14.0,4.0,11.0,84.0,Bad,0.7055661,199,0,1
